step,klcoef,entcoef,lr,rollout_time,horizon,speed,speed_rl,speed_rl_std,speed_human,inflow,outflow,inflow_hourly,outflow_hourly,collisions,collisions_human,fuel,backlog_step,n_total_veh_step,flow_horizontal,flow_vertical,global_reward_mean,reward_mean,value_mean,ret_mean,adv_mean,explained_variance,rollout_end_time,policy_loss,kl,entropy,value_loss,gd_time,total_time
0,0.2,0.01,0.0003,63.9272,2000,0.588081,0.552725,0.97543,0.627199,174.406,152.406,627.862,548.663,13.1875,4.75,1.59076e+06,11130.2,11186.8,700,700,-0.344426,-0.00646757,-0.00184324,-0.110861,-0.109018,5.29718e-05,0.279121,-0.0124879,0.0111013,1.59821,0.742604,223.273,494.296
1,0.2,0.01,0.0003,60.9287,2000,0.808904,0.762791,1.30222,0.85989,211.438,193.406,761.175,696.263,15.75,5.9375,1.57872e+06,11136.9,11188.6,700,700,-1.09398,-0.0121604,-0.061106,-0.268605,-0.207519,0.14647,0.660152,-0.00884624,0.0111642,1.5729,6.33825,242.317,1009.26
2,0.1,0.01,0.0003,57.9243,2000,1.31232,1.25217,1.98839,1.37738,315.562,293.969,1136.03,1058.29,20.9375,8.15625,1.57085e+06,11064.9,11112.7,700,700,-2.44914,-0.0381266,0.356661,-0.400934,-0.757622,0.0669385,0.226178,-0.00397262,0.00745885,1.58134,0.297573,229.175,1488.71
3,0.05,0.01,0.0003,56.219,2000,1.50936,1.4472,2.17632,1.57613,358,335.531,1288.8,1207.91,23.2188,9.125,1.60402e+06,11013.1,11060.6,700,700,-3.22937,-0.0384772,0.827607,-0.0638473,-0.891473,0.0585552,0.20494,-0.00315834,0.011365,1.53624,7.21285,247.307,1982.74
4,0.05,0.01,0.0003,57.5571,2000,1.72212,1.66678,2.40655,1.78075,409.531,385.656,1474.31,1388.36,24.5,10.3125,1.58116e+06,11038.1,11086,700,700,-5.29387,-0.0905725,1.32671,-0.593257,-1.91998,0.0635345,0.341973,0.00115373,0.0131635,1.50322,895.138,259.727,2492.97
5,0.025,0.01,0.0003,56.6327,2000,2.05355,1.99076,2.71554,2.11986,481.344,455.219,1732.84,1638.79,28.0625,11.75,1.56339e+06,10929.4,10976.2,700,700,-11.5907,-0.242939,1.85366,-2.83386,-4.68752,0.019952,0.397935,-0.00201693,0.0136022,1.48622,22.0521,242.286,2984.09
6,0.025,0.01,0.0003,64.1311,2000,1.95927,1.89728,2.46835,2.02499,522.406,487.312,1880.66,1754.32,30.5938,12.3125,1.48272e+06,10983.1,11036.2,700,700,-18.7816,-0.437973,2.5658,-5.62356,-8.18938,0.0057703,0.478974,0.00262483,0.0149767,1.44201,5976.14,245.394,3513.43
7,0.025,0.01,0.0003,75.2164,2000,1.29703,1.2482,1.85571,1.3496,412.812,369.062,1486.12,1328.62,29.6875,12.4375,1.46159e+06,10997.3,11059.1,700,700,-20.1936,-0.328309,3.01537,-3.33772,-6.35311,0.0408007,0.753219,0.000838887,0.0156892,1.49636,2.58767,236.258,4085.43
8,0.025,0.01,0.0003,82.5436,2000,0.83752,0.80852,1.37348,0.868464,313.906,267.5,1130.06,963,25.5938,10.375,1.52989e+06,11058.1,11128.5,700,700,-12.2636,-0.0720685,3.65163,1.56299,-2.08869,0.107495,0.260652,0.0064401,0.0240258,1.40067,2928.33,231.473,4676.26
9,0.025,0.01,0.0003,84.5427,2000,0.760368,0.732469,1.26763,0.790311,295,250.219,1062,900.788,22.5,9.15625,1.56981e+06,11039.3,11112.5,700,700,-3.813,0.15017,4.80157,6.25627,1.45468,0.122667,0.729951,0.00348128,0.0184032,1.38087,16.2251,232.077,5288.33
10,0,0.01,0.0003,81.8686,2000,0.681287,0.659815,1.24283,0.704262,258.031,221.344,928.913,796.838,17.75,7.28125,1.62742e+06,11011.8,11081.8,700,700,-3.68656,-0.0346597,6.15195,4.36127,-1.7907,0.196428,1.21439,0.00248276,0.0162967,1.39351,53.9682,269.8,
11,0,0.01,0.0003,88.8792,2000,0.491616,0.475197,1.04148,0.509136,200,164.844,720,593.438,12.875,5.21875,1.66408e+06,11091.9,11166.2,700,700,-1.01605,0.0299443,5.24705,4.74869,-0.498372,0.37071,1.12221,0.00144334,0.0164038,1.4203,0.388561,272.681,
12,0,0.01,0.0003,98.4265,2000,0.436857,0.421008,0.936934,0.453926,190.969,150.25,687.487,540.9,12.6875,5.5,1.66938e+06,11099.9,11180,700,700,-0.350329,0.0286525,4.84624,4.41854,-0.427728,0.339977,1.21841,0.00170798,0.0207323,1.39484,0.401905,274.641,
13,0,0.01,0.0003,107.878,2000,0.319425,0.307144,0.821994,0.332717,147.75,109.281,531.9,393.413,7.125,2.625,1.71981e+06,11063.9,11148,700,700,-0.0518599,0.0176055,4.91936,4.32248,-0.596919,0.555839,1.60522,-0.00183981,0.0215646,1.42768,0.34547,280.294,
14,0,0.01,0.0003,110.636,2000,0.261797,0.25239,0.728233,0.271897,128.812,83.875,463.725,301.95,7.375,3.25,1.65577e+06,11144.2,11232,700,700,-0.066868,0.00976534,4.61331,3.95202,-0.661314,0.563989,1.04309,-0.000967524,0.0186727,1.4518,0.215374,257.582,
15,0,0.01,0.0003,106.445,2000,0.244043,0.23545,0.691936,0.253307,120.5,78.4375,433.8,282.375,4.75,1.8125,1.66518e+06,11163.1,11250.7,700,700,0.00361708,0.00804093,4.26267,3.63734,-0.625334,0.678269,0.378636,0.00015608,0.01798,1.45578,0.170099,252.946,
16,0,0.01,0.0003,104.822,2000,0.255247,0.245272,0.685708,0.266058,123.625,81.9062,445.05,294.863,5.1875,2,1.6623e+06,11110,11196.7,700,700,-0.0176206,0.00709049,3.88417,3.30723,-0.576949,0.615368,0.348676,0.000536448,0.0218143,1.46484,0.20353,265.97,
17,0,0.01,0.0003,107.013,2000,0.239051,0.230291,0.661643,0.248419,118.125,71.4688,425.25,257.288,5.5625,1.96875,1.59972e+06,11143.8,11231.8,700,700,-0.0114478,0.00512861,3.45209,2.92164,-0.530467,0.59812,0.51468,5.01964e-05,0.0169938,1.47756,0.363065,262.225,
18,0,0.01,0.0003,106.919,2000,0.220736,0.212099,0.632117,0.230064,111.188,64.9375,400.275,233.775,4.875,1.5625,1.59877e+06,11134.8,11222.8,700,700,-0.00886194,0.00331641,3.14351,2.63942,-0.504107,0.603768,0.718325,0.000167108,0.0157895,1.46845,0.36969,276.522,
19,0,0.01,0.0003,109.293,2000,0.225185,0.216519,0.623485,0.234445,110.594,66.5938,398.137,239.738,6.125,2.03125,1.63216e+06,11136.3,11222.6,700,700,-0.0644263,0.00227998,2.82938,2.36051,-0.46889,0.508239,0.726786,0.00187997,0.0173977,1.46355,9.24644,271.58,
20,0,0.01,0.0003,111.732,2000,0.231183,0.221127,0.642457,0.242086,114.469,68.6562,412.087,247.163,5.3125,1.90625,1.59857e+06,11151.4,11238.6,700,700,-0.0119876,0.00326254,2.5259,2.12549,-0.400438,0.582828,0.500989,0.000898429,0.0181172,1.44833,0.161826,303.998,
21,0,0.01,0.0003,104.485,2000,0.238988,0.228768,0.661604,0.250065,114.844,72.4375,413.438,260.775,5.9375,2.34375,1.61702e+06,11175.7,11259.9,700,700,-0.0227469,0.00337182,2.30177,1.93932,-0.362464,0.531469,1.07921,-0.000982223,0.0246456,1.44316,0.796957,277.44,
22,0,0.01,0.0003,103.915,2000,0.267351,0.258369,0.703122,0.277037,125.531,83.0938,451.913,299.138,6.1875,2.46875,1.61851e+06,11109.9,11192.7,700,700,-0.0156368,0.00523652,2.14646,1.84075,-0.305722,0.491692,1.09682,-0.000123358,0.0236046,1.45721,0.159737,283.262,
23,0,0.01,0.0003,97.8905,2000,0.291136,0.277785,0.734631,0.305555,130.906,91.5625,471.263,329.625,7.75,2.6875,1.63804e+06,11147.5,11226.6,700,700,-0.0406299,0.0057552,2.05521,1.77186,-0.283375,0.426565,0.681566,-0.000724452,0.0233518,1.47392,0.158311,279.658,
24,0,0.01,0.0003,97.8165,2000,0.289046,0.277956,0.702563,0.300906,133.469,92.5625,480.488,333.225,8.5,3.4375,1.59572e+06,11152,11230.6,700,700,-0.0942956,0.00466128,1.96173,1.67761,-0.28414,0.386475,1.33002,-0.00159071,0.0218179,1.4571,0.132758,286.854,
25,0,0.01,0.0003,99.5213,2000,0.3604,0.345262,0.807336,0.37689,158.844,118.281,571.838,425.812,8.9375,3.21875,1.63845e+06,11135.1,11215.4,700,700,-0.101176,0.00892316,1.8206,1.6266,-0.194025,0.293073,0.775709,-0.000901103,0.0198138,1.46947,0.203167,284.882,
26,0,0.01,0.0003,103.309,2000,0.355114,0.339913,0.817771,0.371753,155.906,116.375,561.263,418.95,8.0625,3.46875,1.63169e+06,11108.1,11188.7,700,700,-0.109227,0.00773307,1.71746,1.52223,-0.195236,0.346009,0.601156,-0.000685292,0.0231359,1.44804,0.0972249,280.792,
27,0,0.01,0.0003,95.031,2000,0.445147,0.429039,0.909245,0.462465,188.781,145.156,679.612,522.562,10.875,4.40625,1.54746e+06,11077.2,11155.8,700,700,-0.164806,0.0118798,1.63583,1.51728,-0.118586,0.211552,0.57269,0.000850995,0.0250468,1.43225,0.8952,287.277,
28,0,0.01,0.0003,84.073,2000,0.518511,0.498326,0.993579,0.540263,205.219,164.562,738.787,592.425,12.875,5.1875,1.55216e+06,11079.9,11152.8,700,700,-0.864374,0.00183607,1.69694,1.39244,-0.30453,0.160485,0.276787,-0.00173906,0.0242487,1.44142,3.52915,282.291,
29,0,0.01,0.0003,77.4627,2000,0.708316,0.680978,1.22587,0.737804,256.281,219,922.613,788.4,18.4375,8.0625,1.61251e+06,11082.8,11151.1,700,700,-2.16906,-0.0214749,1.90759,1.15156,-0.756079,0.0787622,0.258016,0.00133033,0.0263812,1.46,11.1089,292.285,
30,0,0.01,0.0003,70.7974,2000,0.824674,0.793074,1.47067,0.85879,273.031,240.562,982.912,866.025,16.25,6.59375,1.51266e+06,11061.9,11125.3,700,700,-2.62403,-0.0268098,2.12114,1.22124,-0.899952,0.161845,0.360414,-4.25276e-05,0.0194845,1.50794,0.112354,271.288,
31,0,0.01,0.0003,79.4219,2000,0.628232,0.602659,1.364,0.656049,230.281,195.25,829.013,702.9,14,5.5,1.58967e+06,11051.5,11120.5,700,700,-0.398233,0.0141818,2.22174,2.01252,-0.209257,0.210067,0.751186,0.00649852,0.0330237,1.38259,3.61469,286.109,
32,0,0.01,0.0003,76.2861,2000,0.735346,0.709413,1.44307,0.763381,260.312,225.094,937.125,810.337,15.8125,6.8125,1.54399e+06,11066.9,11134,700,700,-1.10141,0.00232313,2.35395,1.90874,-0.44526,0.179021,0.575302,0.00239508,0.0293906,1.42761,5.61439,283.197,
33,0,0.01,0.0003,70.2884,2000,0.918343,0.880658,1.62918,0.958879,302.375,263.594,1088.55,948.937,22.4688,8.5625,1.51089e+06,11087.3,11150,700,700,-8.38834,-0.188328,2.53669,-1.17545,-3.71217,0.122213,0.494036,0.00261397,0.0275166,1.41449,336.793,272.061,
34,0,0.01,0.0003,67.9533,2000,1.03641,0.991928,1.70657,1.08431,328.25,295.469,1181.7,1063.69,22.625,8.1875,1.54994e+06,11009,11070.5,700,700,-3.60581,-0.0516081,2.74613,1.26716,-1.47903,0.109785,0.308314,0.00352104,0.0224303,1.42512,254.08,288.814,
35,0,0.01,0.0003,65.613,2000,1.13444,1.09031,1.80883,1.18184,355.375,321.219,1279.35,1156.39,22.625,8.625,1.54352e+06,11001.1,11062,700,700,-4.60155,-0.0620605,2.86613,1.16177,-1.70444,0.125352,0.225086,0.0029164,0.0232921,1.38637,710.303,278.521,
36,0,0.01,0.0003,63.5584,2000,1.50538,1.44261,2.09359,1.57248,431.312,395.281,1552.72,1423.01,28.5,9.5,1.48493e+06,11026.1,11082.4,700,700,-15.8808,-0.232253,2.88284,-1.88686,-4.76971,0.0533138,0.869734,0.00515953,0.0237764,1.3675,750.812,297.331,
37,0,0.01,0.0003,79.5063,2000,0.90879,0.875902,1.47324,0.944045,307.219,272.469,1105.99,980.887,20.375,8.15625,1.52821e+06,11003.3,11067.1,700,700,-3.50185,0.127632,3.73245,4.96047,1.22796,0.215315,0.393141,0.00257112,0.0226941,1.34644,886.844,288.671,
38,0,0.01,0.0003,87.9022,2000,0.752347,0.722833,1.30642,0.783988,277.25,239,998.1,860.4,20.4062,8.3125,1.60953e+06,11062,11131.1,700,700,-5.39733,0.0537354,4.59786,4.49102,-0.106854,0.218069,0.332924,0.00204549,0.018781,1.34685,6.27382,284.56,
39,0,0.01,0.0003,94.7128,2000,0.618506,0.597001,1.14685,0.641684,246.969,206.781,889.087,744.413,16.5,7.46875,1.57048e+06,11094.6,11168.5,700,700,-1.4655,0.118987,5.31531,6.22786,0.912552,0.286394,1.34855,0.00139247,0.017374,1.30455,10.2726,267.499,
40,0,0.01,0.0003,96.6625,2000,0.481982,0.467433,1.0137,0.497516,205.938,167.062,741.375,601.425,12.6562,5.84375,1.67783e+06,11041.4,11120.2,700,700,-0.361359,0.108934,5.70439,6.42653,0.722133,0.43725,0.536918,9.10414e-05,0.0214178,1.32314,0.527145,263.304,
41,0,0.01,0.0003,98.6175,2000,0.393731,0.382788,0.947086,0.405442,170.094,135.469,612.338,487.688,9.875,4.375,1.72901e+06,11105.6,11183.9,700,700,-0.203111,0.0866042,5.6989,6.07985,0.38095,0.501478,1.18138,0.000382403,0.0227918,1.34494,0.565493,280.576,
42,0,0.01,0.0003,113.637,2000,0.333768,0.323008,0.865549,0.345346,156.719,113.531,564.188,408.712,7.6875,3.25,1.63971e+06,11093.7,11178.3,700,700,-0.0364379,0.0712455,5.48174,5.66763,0.185882,0.626653,0.521383,-0.00106769,0.022897,1.35912,0.202901,298.227,
43,0,0.01,0.0003,121.147,2000,0.186204,0.178801,0.655517,0.194263,96.7188,53.2188,348.188,191.588,4.5,1.96875,1.66343e+06,11129.2,11219.3,700,700,-0.0111414,0.0521868,5.05296,5.03671,-0.0162608,0.740292,4.17646,0.00133243,0.0186215,1.38396,0.200168,292.214,
44,0,0.01,0.0003,128.212,2000,0.132933,0.127333,0.618535,0.139056,74.0312,26.1562,266.512,94.1625,4.5,2.03125,1.60207e+06,11195.7,11286.4,700,700,-0.0212948,0.0414076,4.59103,4.48356,-0.107485,0.779565,7.99883,0.00213802,0.0228204,1.34332,0.141831,300.722,
45,0,0.01,0.0003,133.438,2000,0.0982823,0.0952764,0.571681,0.10157,59.4688,8.75,214.088,31.5,2.3125,0.9375,1.55744e+06,11163.2,11254.2,700,700,-0.0114543,0.000851498,4.20359,3.50619,-0.697433,0.735607,0.680255,0.0167295,0.0655933,1.35401,0.162961,281.053,
46,0,0.01,0.0003,123.054,2000,0.0825607,0.0777389,0.361851,0.0878632,50.7812,5.90625,182.812,21.2625,3.0625,1,1.55714e+06,11199.5,11285,700,700,-0.0174017,-0.000774572,3.78267,3.13754,-0.645165,0.557701,0.754597,0.045131,0.0544629,1.36041,0.279605,282.744,
47,0,0.01,0.0003,110.841,2000,0.0698325,0.0658304,0.312826,0.0741593,42.4375,3.84375,152.775,13.8375,1.9375,0.59375,1.55428e+06,11215.6,11294.8,700,700,-0.0083732,-0.00305536,3.18325,2.60637,-0.57689,0.446087,1.42268,0.0054204,0.0523186,1.29601,0.27914,272.433,
48,0,0.01,0.0003,113.753,2000,0.0758548,0.0718261,0.346694,0.0802838,45.6875,5.75,164.475,20.7,2,0.625,1.55538e+06,11205.1,11286.5,700,700,-0.0125625,-0.000625808,2.63866,2.19457,-0.444092,0.381967,0.521883,0.00477415,0.0200105,1.37584,0.141433,265.051,
49,0,0.01,0.0003,106.94,2000,0.0735302,0.0703096,0.342738,0.0770114,43.0625,4.71875,155.025,16.9875,2,0.71875,1.52335e+06,11229.1,11307.3,700,700,-0.0135683,-0.00130705,2.15348,1.78031,-0.373156,0.389917,0.907974,0.0101764,0.0399536,1.31601,0.0939807,301.486,
50,0,0.01,0.0003,85.5204,2000,0.0432769,0.0398472,0.244342,0.0471381,24.5625,3.59375,88.425,12.9375,0.75,0.3125,1.59892e+06,11196.2,11261.5,700,700,-0.00248982,-0.000787377,1.67708,1.39246,-0.28461,0.445163,0.490699,-0.0165981,0.0413498,1.3159,0.111437,291.328,
51,0,0.01,0.0003,113.267,2000,0.0825854,0.0768995,0.323099,0.0887191,49.5,5.03125,178.2,18.1125,4.125,1.125,1.50958e+06,11206.8,11287,700,700,-0.0311613,-0.00289051,1.26418,1.01682,-0.247332,0.383903,0.764991,-0.000439847,0.016686,1.39457,0.30582,287.126,
52,0,0.01,0.0003,116.242,2000,0.0832965,0.0794062,0.355012,0.087597,51.75,5.40625,186.3,19.4625,2.75,1.09375,1.5088e+06,11175,11258.3,700,700,-0.0191806,-0.000661655,0.926578,0.774565,-0.151975,0.574608,0.58706,-0.00218846,0.0253778,1.36598,0.26257,305.679,
53,0,0.01,0.0003,111.33,2000,0.0867882,0.0833224,0.357838,0.090523,51.0312,7.21875,183.712,25.9875,2.5,0.65625,1.51584e+06,11221.1,11303.1,700,700,-0.0118719,-0.000720982,0.577777,0.483009,-0.0947322,0.615259,0.322917,-0.00135599,0.0199423,1.40575,0.0614585,293.655,
54,0,0.01,0.0003,115.455,2000,0.105738,0.100135,0.402925,0.111821,59.4688,13.5312,214.088,48.7125,3.4375,1.125,1.51805e+06,11210.2,11294.1,700,700,-0.0160922,-8.63836e-05,0.423057,0.366754,-0.0562589,0.650279,0.999467,-0.00221848,0.0314503,1.45724,0.0767899,277.383,
55,0,0.01,0.0003,104.983,2000,0.226669,0.217293,0.548397,0.236775,101.938,63.1875,366.975,227.475,4.625,1.78125,1.58748e+06,11177.9,11256.7,700,700,-0.00452673,-0.00288919,0.169327,0.113738,-0.0555791,0.552832,0.400171,0.000958831,0.0136534,1.45209,0.130464,273.044,
56,0,0.01,0.0003,107.997,2000,0.20821,0.199477,0.54714,0.217738,96.9688,56.0312,349.087,201.713,4.375,2.0625,1.56659e+06,11161.1,11241.3,700,700,-0.0130585,-0.00147249,0.0311034,0.0223269,-0.00875755,0.579788,0.754887,-0.00129252,0.0135216,1.46785,0.110897,286.685,
57,0,0.01,0.0003,90.9632,2000,0.322582,0.306311,0.689625,0.340564,126.625,95,455.85,342,7.625,3.125,1.60638e+06,11100,11171.3,700,700,-0.105439,-0.00569815,-0.231873,-0.262505,-0.0306468,0.477474,0.342281,0.000761206,0.0164933,1.48171,0.120773,280.034,
58,0,0.01,0.0003,82.7944,2000,0.351778,0.333343,0.79283,0.37222,126.938,101.875,456.975,366.75,5.5,2.03125,1.58004e+06,11175.8,11241.6,700,700,-0.0218893,-0.00371522,-0.382159,-0.352317,0.0298493,0.506936,0.426042,-0.00118649,0.012888,1.53952,0.109291,277.821,
59,0,0.01,0.0003,84.6563,2000,0.39472,0.375158,0.837805,0.416443,143.969,116.094,518.287,417.938,7,2.9375,1.56907e+06,11118.5,11185.5,700,700,-0.0279495,-0.00340515,-0.474454,-0.421438,0.0529969,0.505018,0.277046,0.000716983,0.0167113,1.49808,0.167543,294.43,
60,0,0.01,0.0003,84.6409,2000,0.465029,0.444018,0.93795,0.488118,164.812,137.25,593.325,494.1,8,3.71875,1.60587e+06,11108.6,11176.1,700,700,-0.0692614,-0.00445779,-0.399924,-0.375253,0.0246471,0.463954,0.853687,-0.000324319,0.0158769,1.49674,0.13896,289.372,
61,0,0.01,0.0003,75.8965,2000,0.540761,0.511922,1.06086,0.572851,170.469,148.219,613.688,533.588,9.1875,3.8125,1.59e+06,11111.8,11173.4,700,700,-0.0747496,-0.00558511,-0.418559,-0.403396,0.0151445,0.41691,0.550351,-0.00106403,0.0151903,1.48774,0.285575,281.778,
62,0,0.01,0.0003,75.1086,2000,0.447017,0.426044,0.982324,0.470009,139.812,120.719,503.325,434.587,7.375,2.59375,1.57793e+06,11166.5,11225.3,700,700,-0.0694972,-0.00385523,-0.559353,-0.499113,0.0602182,0.443742,0.461185,-0.00318666,0.0126335,1.53584,0.100141,294.21,
63,0,0.01,0.0003,67.3675,2000,0.65979,0.625128,1.39862,0.698129,173.156,159.812,623.362,575.325,9.5625,3.4375,1.62302e+06,11084.7,11136.9,700,700,-0.303292,-0.0101654,-0.685996,-0.697333,-0.0113742,0.410427,0.422782,0.0009084,0.0191043,1.4783,0.890353,307.055,
64,0,0.01,0.0003,60.5793,2000,0.645369,0.614665,1.50035,0.67911,154.688,146.281,556.875,526.612,6.8125,2.53125,1.66543e+06,11176.5,11226.1,700,700,-0.0183308,0.000196792,-0.770731,-0.600573,0.170119,0.495184,0.122228,0.000667477,0.0132852,1.4987,0.127289,293.241,
65,0,0.01,0.0003,60.3323,2000,1.02362,0.977064,2.03355,1.07473,234.094,221.062,842.737,795.825,11.5,4.78125,1.57378e+06,11099.6,11146.4,700,700,-0.180706,-0.00338464,-0.382359,-0.33419,0.0481598,0.312866,0.180706,-5.65132e-05,0.0161387,1.45453,0.392368,293.226,
66,0,0.01,0.0003,46.0335,2000,1.73124,1.64499,2.72037,1.82785,290.281,286.188,1045.01,1030.27,12.5938,6.25,1.6707e+06,11093.7,11130.8,700,700,-0.201603,0.0169051,-0.126559,0.178895,0.305409,0.258933,0.21486,0.00497945,0.0242145,1.35512,19.4319,291.088,
67,0,0.01,0.0003,52.9573,2000,1.33893,1.26161,2.2694,1.42604,279.812,270,1007.33,972,13.4062,5.375,1.61592e+06,11075,11118.8,700,700,-0.288583,0.00314881,0.382,0.367159,-0.014852,0.198681,0.110733,0.00454079,0.0219471,1.41452,14.324,288.472,
68,0,0.01,0.0003,50.6667,2000,1.44841,1.35387,2.4329,1.55798,286.094,282.906,1029.94,1018.46,12.1875,5.5625,1.7438e+06,11043.3,11085,700,700,-0.156942,0.0133471,0.602876,0.698913,0.0960508,0.197216,0.856327,0.00336321,0.0210699,1.35967,7.51125,299.695,
69,0,0.01,0.0003,61.1864,2000,1.15142,1.08605,2.02557,1.22558,273.281,259,983.812,932.4,11.9375,5.25,1.52795e+06,11126.4,11175.3,700,700,-0.1606,0.00849376,0.678213,0.68054,0.00229601,0.217488,0.20907,0.00316101,0.0211625,1.38949,8.11953,323.835,
70,0,0.01,0.0003,45.1094,2000,1.73444,1.60613,2.80892,1.88598,291.125,289.656,1048.05,1042.76,10.125,4.84375,1.68883e+06,11042.1,11077.9,700,700,-0.0968435,0.0275319,0.876923,1.1033,0.226366,0.238063,0.176433,0.00394666,0.0230443,1.34292,21.8478,298.813,
71,0,0.01,0.0003,50.5446,2000,1.64091,1.5431,2.61394,1.75237,338.281,328.531,1217.81,1182.71,13.75,6.5,1.64591e+06,11021.2,11064,700,700,-0.228036,0.0181767,1.1261,1.15742,0.031282,0.181522,0.193919,0.00268951,0.0219989,1.34506,15.7387,294.328,
72,0,0.01,0.0003,41.3288,2000,1.72025,1.59636,2.87696,1.86584,286.031,292.25,1029.71,1052.1,8.5,4,1.86087e+06,11081.9,11117.2,700,700,0.0528257,0.0360627,1.38164,1.61105,0.22945,0.345305,0.166085,0.00246321,0.0211457,1.30486,0.437053,291.018,
73,0,0.01,0.0003,41.5219,2000,1.68701,1.56707,2.8126,1.82775,282.125,284.219,1015.65,1023.19,11.3125,5.96875,1.71615e+06,11083.7,11119.4,700,700,-0.156662,0.0274807,1.55974,1.60868,0.0489605,0.255238,0.111858,0.00281354,0.027283,1.20856,0.603851,307.482,
74,0,0.01,0.0003,53.5905,2000,1.47489,1.37787,2.37594,1.58616,319.312,306.281,1149.53,1102.61,14.9375,6.8125,1.63265e+06,11081.2,11126,700,700,-0.410683,0.00789907,1.7047,1.43338,-0.271345,0.133067,0.263439,0.00418557,0.0260024,1.3306,67.9597,301.06,
75,0,0.01,0.0003,50.2764,2000,1.45972,1.36208,2.5019,1.57193,270.219,271.25,972.787,976.5,9.5,4.5,1.99032e+06,11079.8,11118.8,700,700,0.00309987,0.0251562,1.8286,1.79996,-0.0286338,0.317975,0.186611,0.00318205,0.0261239,1.32591,0.382978,295.241,
76,0,0.01,0.0003,46.1522,2000,1.52465,1.41829,2.61472,1.64904,277.312,280.219,998.325,1008.79,9.0625,4.0625,1.89294e+06,11041,11079,700,700,-0.0854712,0.0244904,1.93967,1.86638,-0.0732817,0.283522,0.0958511,0.00309536,0.0240628,1.28558,2.49042,282.817,
77,0,0.01,0.0003,52.422,2000,1.52908,1.43266,2.54913,1.64002,315.094,309.5,1134.34,1114.2,9.875,5.25,1.61511e+06,11106,11148.5,700,700,-0.0183743,0.0251353,1.95213,1.88686,-0.0652935,0.306182,0.633779,0.00200572,0.0230121,1.23318,0.292149,290.076,
78,0,0.01,0.0003,66.948,2000,1.11591,1.04846,1.93676,1.19248,285.656,265.031,1028.36,954.112,16.125,7.65625,1.53104e+06,11079,11130.2,700,700,-0.993143,-0.0190472,1.81595,1.10167,-0.714303,0.126635,0.292045,0.00163092,0.0269481,1.32663,11.8329,307.825,
79,0,0.01,0.0003,60.5997,2000,1.00336,0.937502,1.81577,1.07907,239.812,229.5,863.325,826.2,9.5625,4.75,1.63354e+06,11086.3,11134.8,700,700,-0.0752851,0.00878794,1.69995,1.49004,-0.209903,0.310035,0.397899,0.00183851,0.0225916,1.29657,1.95318,311.534,
80,0,0.01,0.0003,48.6672,2000,1.10203,1.01904,1.99259,1.19968,206.844,211.406,744.638,761.062,6.625,3.125,1.93901e+06,10997.3,11037.5,700,700,0.0247667,0.0142105,1.60092,1.49835,-0.102565,0.377455,0.222844,0.00214067,0.0232471,1.28387,0.216681,294.469,
81,0,0.01,0.0003,43.9928,2000,1.13337,1.04318,2.0198,1.24061,194.969,204.344,701.888,735.638,6.0625,3.1875,1.86819e+06,11075.4,11112.4,700,700,0.0476023,0.0126085,1.5532,1.44471,-0.108467,0.407333,0.0881253,0.00265533,0.0244565,1.30683,0.277365,300.252,
82,0,0.01,0.0003,33.8584,2000,1.01011,0.921997,2.17317,1.11597,121.312,144.312,436.725,519.525,2.75,1.40625,2.11874e+06,11191.7,11220,700,700,0.0544088,0.0198368,1.66809,1.66258,-0.00550502,0.439055,0.130317,0.00615848,0.0427467,1.25522,0.298121,303.964,
83,0,0.01,0.0003,49.2248,2000,1.56665,1.46873,2.33708,1.67846,301.844,297.25,1086.64,1070.1,11.1875,5.4375,1.60704e+06,11104.2,11144.4,700,700,-0.148335,0.0109626,1.54746,1.38576,-0.161705,0.178265,0.192473,0.00276162,0.0246322,1.32546,2.94695,314.424,
84,0,0.01,0.0003,43.6114,2000,1.523,1.41378,2.60669,1.65015,238.688,248,859.275,892.8,5.5625,2.375,1.69633e+06,11096.8,11129.7,700,700,0.0672021,0.0246368,1.54327,1.60631,0.0630329,0.386834,0.204364,0.00458552,0.0268223,1.22557,0.443107,321.338,
85,0,0.01,0.0003,48.4018,2000,1.57874,1.49661,2.40266,1.67064,321.719,312.969,1158.19,1126.69,12.375,6.09375,1.54726e+06,11041.2,11083.5,700,700,0.125547,-0.084662,1.42302,-0.221626,-1.64469,0.452032,0.598734,0.00310061,0.0253454,1.31589,1.85055,267.363,
86,0,0.01,0.0003,49.1727,2000,2.03045,1.94557,2.79837,2.12301,420.156,408.219,1512.56,1469.59,16.5625,7.4375,1.60096e+06,11038.2,11080.3,700,700,0.162703,-0.0792648,0.5214,-0.813298,-1.33473,0.466094,0.230321,0.00122142,0.0306762,1.29366,1.12162,275.677,
87,0,0.01,0.0003,47.4466,2000,2.36997,2.29214,3.11928,2.4528,463.938,449.219,1670.17,1617.19,21.75,9.9375,1.66543e+06,10978.5,11018.4,700,700,0.170234,-0.0747846,-0.149403,-1.22253,-1.07316,0.506289,0.21072,-0.000581715,0.0294696,1.27011,0.774794,271.155,
88,0,0.01,0.0003,45.2374,2000,2.55722,2.48954,3.21705,2.62854,491.219,474.375,1768.39,1707.75,25.1562,12.2188,1.65946e+06,10971.8,11011.8,700,700,0.174297,-0.0727299,-0.73977,-1.59578,-0.856027,0.627358,0.186439,0.000418779,0.0240671,1.2636,0.612584,277.763,
89,0,0.01,0.0003,42.7933,2000,2.87579,2.80639,3.42097,2.94861,540.094,525.344,1944.34,1891.24,25.625,12.8438,1.66541e+06,11000,11038.6,700,700,0.198609,-0.0665499,-1.10389,-1.71101,-0.607125,0.707726,0.190444,0.000624235,0.0251541,1.24907,0.504724,270.894,
90,0,0.01,0.0003,37.8087,2000,3.25786,3.16958,3.69174,3.35133,557.906,547.344,2008.46,1970.44,25,13.4375,1.74851e+06,10936.9,10971.6,700,700,0.211172,-0.058357,-1.43988,-1.75505,-0.315163,0.772408,0.199956,0.00173693,0.0252106,1.2151,0.551325,277.042,
91,0,0.01,0.0003,48.2328,2000,2.82922,2.7744,3.42173,2.88579,565.625,540.406,2036.25,1945.46,30.7812,13.5938,1.59515e+06,10951.7,10992.3,700,700,0.19325,-0.0677011,-1.83866,-2.22988,-0.391248,0.809449,0.259582,0.00319992,0.024764,1.2006,0.427617,273.277,
92,0,0.01,0.0003,44.3865,2000,3.06585,3.01194,3.58963,3.12144,591.844,569.219,2130.64,2049.19,32.6875,15.25,1.64476e+06,10902.4,10941.4,700,700,0.202891,-0.0619979,-2.05583,-2.23709,-0.181254,0.834519,0.17173,0.00362154,0.0256946,1.15884,0.489394,272.563,
93,0,0.01,0.0003,48.2222,2000,2.90656,2.86564,3.50775,2.94851,602.5,576.438,2169,2075.18,33.2812,15.9062,1.61038e+06,10923.6,10965.2,700,700,0.205016,-0.0655903,-2.22792,-2.42887,-0.200993,0.853474,0.256184,0.00291519,0.0258933,1.15632,0.391273,271.407,
94,0,0.01,0.0003,47.68,2000,2.90759,2.86302,3.54608,2.9534,587.719,561.875,2115.79,2022.75,33.625,16.2812,1.63444e+06,10922.4,10963,700,700,0.196875,-0.0644501,-2.28915,-2.44924,-0.160091,0.858619,0.205127,0.0036881,0.0261219,1.15174,0.40736,267.187,
95,0,0.01,0.0003,49.2921,2000,2.71826,2.67678,3.4012,2.76072,574.188,546.594,2067.07,1967.74,31.9062,14.3438,1.61797e+06,10933.4,10976.1,700,700,0.193531,-0.0686983,-2.44276,-2.65841,-0.215662,0.870681,0.379684,0.00354258,0.027596,1.14386,0.393594,265.994,
96,0,0.01,0.0003,48.1407,2000,2.88388,2.82939,3.54638,2.94005,588.594,561.062,2118.94,2019.82,35.2188,15.4688,1.64177e+06,10946.5,10987.4,700,700,0.192484,-0.0649335,-2.45221,-2.57173,-0.119543,0.86237,0.152811,0.00323731,0.0271498,1.13208,0.468414,273.408,
97,0,0.01,0.0003,49.1962,2000,2.77082,2.72788,3.51781,2.8149,584.031,554.406,2102.51,1995.86,35.9688,16.3438,1.61832e+06,10893.5,10935.7,700,700,0.187281,-0.0663255,-2.46813,-2.62481,-0.156703,0.859044,0.195076,0.00414821,0.0276574,1.11904,0.468841,266.938,
98,0,0.01,0.0003,51.1739,2000,2.5872,2.55014,3.32534,2.625,572.344,538.969,2060.44,1940.29,35.4062,15.625,1.58877e+06,10904.8,10949.2,700,700,0.180969,-0.0708573,-2.60972,-2.84214,-0.232449,0.870067,0.117514,0.00261291,0.026436,1.1056,0.387032,285.11,
99,0,0.01,0.0003,51.7382,2000,2.48537,2.45142,3.2869,2.52004,553.25,521.75,1991.7,1878.3,35.8125,15.2812,1.58431e+06,10906.9,10951.9,700,700,0.171344,-0.0723524,-2.74284,-2.98284,-0.240044,0.867938,0.130301,0.00508668,0.0298147,1.10747,0.449926,295.798,
100,0,0.01,0.0003,52.4336,2000,2.60515,2.5678,3.3909,2.64311,576.406,546.125,2075.06,1966.05,34.0312,14.1875,1.60005e+06,10917.2,10961.6,700,700,0.187984,-0.0704347,-2.80421,-2.96973,-0.165542,0.879052,0.211512,0.00453986,0.0283611,1.07622,0.413809,297.23,
101,0,0.01,0.0003,52.5197,2000,2.63098,2.59184,3.41141,2.67094,582.375,550.438,2096.55,1981.58,36.0625,15.625,1.56221e+06,10883.8,10928.1,700,700,0.185062,-0.0703822,-2.87809,-3.01365,-0.135596,0.878772,0.269227,0.00431864,0.0284094,1.09719,0.465107,285.062,
102,0,0.01,0.0003,52.7663,2000,2.48913,2.45382,3.36488,2.52537,537.969,512.094,1936.69,1843.54,30.0312,13.875,1.59516e+06,10906.8,10950.6,700,700,0.180969,-0.0694051,-3.06346,-3.18474,-0.121315,0.877228,0.120105,0.00541579,0.0346874,1.29526,0.416806,292.464,
103,0,0.01,0.0003,51.2976,2000,2.71095,2.67198,3.56175,2.75092,586.531,555.969,2111.51,2001.49,35.0312,16.4062,1.5967e+06,10923.6,10966.7,700,700,0.190406,-0.0647606,-3.05261,-3.04474,0.00784742,0.874119,0.209106,0.0058072,0.0341617,1.00089,0.479087,292.828,
104,0,0.01,0.0003,52.1077,2000,2.57494,2.54166,3.45377,2.609,555.969,530.438,2001.49,1909.58,30.4062,14.6562,1.62051e+06,10879.6,10923.3,700,700,0.189203,-0.0661188,-3.01511,-3.07819,-0.0630955,0.87024,0.19107,0.00307877,0.0470536,0.974074,0.429607,294.947,
105,0,0.01,0.0003,54.2762,2000,2.51251,2.48318,3.31379,2.54245,561.906,530.375,2022.86,1909.35,34.5,16.5,1.58721e+06,10925.7,10970.8,700,700,0.178938,-0.0689365,-2.8639,-3.00998,-0.146132,0.883257,0.192587,0.00498986,0.0309431,1.02613,0.388079,298.991,
106,0,0.01,0.0003,50.2668,2000,2.64247,2.6063,3.45103,2.67942,582.938,552.031,2098.57,1987.31,35.0938,15.5625,1.57181e+06,10944.1,10988.3,700,700,0.188281,-0.065955,-2.85604,-2.93489,-0.0788894,0.879691,0.192113,0.00424015,0.0299547,1.04129,0.421477,314.315,
107,0,0.01,0.0003,48.5359,2000,2.82656,2.79815,3.56202,2.85551,617.469,589.156,2222.89,2120.96,35.0625,17.5625,1.61402e+06,10960.2,11003.8,700,700,0.206922,-0.0632437,-2.75492,-2.76477,-0.00987395,0.890376,0.187908,0.0038234,0.0285241,1.04469,0.398607,301.547,
108,0,0.01,0.0003,48.6149,2000,2.78541,2.75182,3.55969,2.81967,612.25,581.875,2204.1,2094.75,35.9688,16.9062,1.60927e+06,10923.7,10967.5,700,700,0.201016,-0.0638751,-2.80477,-2.81869,-0.0139203,0.885893,0.260424,0.00464067,0.0275627,1.01418,0.470036,290.661,
109,0,0.01,0.0003,49.3656,2000,2.61409,2.57916,3.42212,2.64985,570,540.531,2052,1945.91,34.7188,16.6875,1.6254e+06,10930.8,10974.7,700,700,0.183469,-0.0664555,-2.79348,-2.89509,-0.101647,0.880038,0.216989,0.00448461,0.0273711,1.03184,0.421934,280.098,
110,0,0.01,0.0003,48.3106,2000,2.82295,2.7853,3.58651,2.86143,609.656,581.469,2194.76,2093.29,33.7812,15.625,1.6211e+06,10904.4,10947.5,700,700,0.206281,-0.0627316,-2.78562,-2.77621,0.00941853,0.886478,0.246941,0.00433235,0.0278648,1.02015,0.411166,289.691,
111,0,0.01,0.0003,50.6908,2000,2.51713,2.48444,3.38291,2.55055,568.844,536.219,2047.84,1930.39,34.0938,15.4688,1.5515e+06,10963.2,11008.5,700,700,0.182875,-0.0692575,-2.86847,-3.00933,-0.140876,0.879643,0.109043,0.00434704,0.0321413,1.1107,0.524157,302.886,
112,0,0.01,0.0003,49.923,2000,2.70695,2.6731,3.53954,2.74138,606.438,574.062,2183.18,2066.62,37.1562,16.25,1.57514e+06,10929.1,10973.6,700,700,0.194141,-0.0660429,-2.82667,-2.88465,-0.0579953,0.883081,0.205001,0.00463155,0.0295653,0.999672,0.405714,305.936,
113,0,0.01,0.0003,50.187,2000,2.57761,2.54212,3.42576,2.61379,577.656,547.062,2079.56,1969.42,32.2188,13.9688,1.54068e+06,10935.8,10980.7,700,700,0.192984,-0.0687811,-2.95124,-3.05022,-0.0989879,0.881511,0.188422,0.00726106,0.0369838,1.01478,0.471078,286.537,
114,0,0.01,0.0003,48.5302,2000,2.69534,2.65787,3.55249,2.73356,592.969,560.281,2134.69,2017.01,36.5938,16.0625,1.61256e+06,10959.2,11002.8,700,700,0.188656,-0.0652286,-2.93794,-2.96744,-0.0294894,0.880338,0.186643,0.00559819,0.0317055,0.955499,0.441625,305.637,
115,0,0.01,0.0003,47.0155,2000,2.67601,2.63568,3.56696,2.71728,575.219,542.531,2070.79,1953.11,36.5312,16.2812,1.58337e+06,10937.8,10980.5,700,700,0.179937,-0.0651301,-2.87267,-2.92558,-0.052905,0.872475,0.210111,0.00612771,0.0372206,0.991033,0.506514,270.619,
116,0,0.01,0.0003,56.446,2000,2.45494,2.41915,3.41295,2.49158,543.781,513.594,1957.61,1848.94,33.1875,15.125,1.58309e+06,10965.5,11009.8,700,700,0.173828,-0.0693826,-2.81071,-3.004,-0.193359,0.862261,0.189433,0.00432483,0.0293878,1.23922,0.534256,276.839,
117,0,0.01,0.0003,50.0156,2000,2.61291,2.57594,3.5215,2.65061,568.438,537.625,2046.38,1935.45,35.8125,15.1875,1.60428e+06,10954.6,10998.1,700,700,0.179281,-0.0656991,-2.91129,-2.98145,-0.0701699,0.866333,0.191762,0.00772593,0.0374273,0.913748,0.420044,279.512,
118,0,0.01,0.0003,52.8804,2000,2.223,2.18888,3.10674,2.25796,497.875,470.906,1792.35,1695.26,29.5312,11.875,1.59721e+06,10997.6,11043.3,700,700,0.161625,-0.0725849,-2.96465,-3.22046,-0.25584,0.859625,0.291018,0.00643046,0.0341272,0.968826,0.432901,283.242,
119,0,0.01,0.0003,50.132,2000,2.6874,2.6412,3.52258,2.73486,578,548.562,2080.8,1974.83,34.5312,14.6875,1.62388e+06,10893.1,10936,700,700,0.187953,-0.0641106,-2.83701,-2.88554,-0.0485058,0.871152,0.207933,0.0070571,0.0323758,0.970311,0.495736,282.999,
120,0,0.01,0.0003,53.1141,2000,2.56831,2.52981,3.43059,2.60769,576.688,545.875,2076.07,1965.15,33.3125,14.0938,1.55889e+06,10906,10950.7,700,700,0.189656,-0.0690729,-2.89192,-3.02849,-0.136601,0.876082,0.379891,0.00549715,0.0335137,0.991284,0.460756,298.769,
121,0,0.01,0.0003,52.1948,2000,2.57716,2.52918,3.50725,2.62662,546.125,523.594,1966.05,1884.94,29.1562,12.75,1.64344e+06,10949.8,10992.5,700,700,0.188906,-0.0648532,-2.9761,-3.03387,-0.0577937,0.868223,0.200983,0.00715936,0.0326327,0.970642,0.458372,295.904,
122,0,0.01,0.0003,54.0225,2000,2.46534,2.42396,3.41798,2.50782,532.062,507.25,1915.42,1826.1,30.5312,13.1562,1.6381e+06,10953.1,10996.8,700,700,0.177297,-0.0670889,-2.91796,-3.04719,-0.129281,0.868298,0.145517,0.00515316,0.0329586,0.97999,0.469929,303.237,
123,0,0.01,0.0003,54.6631,2000,2.2535,2.22288,3.26387,2.28493,492.469,468.062,1772.89,1685.03,28.6875,13.5938,1.6288e+06,11011.9,11056.6,700,700,0.162312,-0.0717726,-3.05545,-3.27498,-0.219575,0.858326,0.200596,0.0062419,0.0307042,0.970887,0.50397,303.933,
124,0,0.01,0.0003,53.1411,2000,2.46069,2.42776,3.47563,2.49432,535.094,507.969,1926.34,1828.69,29.9062,13.1562,1.56661e+06,10970.7,11014.5,700,700,0.179219,-0.0672557,-2.96673,-3.09263,-0.126027,0.86011,0.192241,0.00618658,0.0310703,0.962286,0.475421,294.71,
125,0,0.01,0.0003,55.1635,2000,2.57335,2.53679,3.49554,2.6107,566.531,534.812,2039.51,1925.32,36.8125,16.25,1.6024e+06,10882.9,10926.8,700,700,0.175375,-0.0673284,-2.8687,-2.98156,-0.112961,0.8686,0.220057,0.00567314,0.0322303,0.95199,0.425318,284.664,
126,0,0.01,0.0003,54.5161,2000,2.55421,2.52246,3.48556,2.58661,564.969,534.219,2033.89,1923.19,34.2188,15.6875,1.64068e+06,10930.4,10974.7,700,700,0.181563,-0.0670438,-2.91705,-3.02098,-0.10394,0.872681,0.193814,0.00688331,0.0343543,0.96948,0.46123,296.128,
127,0,0.01,0.0003,53.231,2000,2.4755,2.43864,3.44301,2.51322,551.562,521,1985.62,1875.6,33.5,14.4375,1.60208e+06,10987.1,11031.7,700,700,0.17675,-0.0695663,-2.82488,-3.01322,-0.188391,0.863184,0.725839,0.00587574,0.0314293,0.941281,0.429321,294.921,
128,0,0.01,0.0003,53.4637,2000,2.37457,2.34037,3.40271,2.4095,528.031,500.719,1900.91,1802.59,31.125,13.3438,1.60342e+06,10969.9,11014.7,700,700,0.172547,-0.0709948,-2.90121,-3.11309,-0.211933,0.856825,0.433338,0.00695288,0.0316685,0.937456,0.44427,301.1,
129,0,0.01,0.0003,55.4516,2000,2.4533,2.42045,3.47329,2.4868,544.344,516.562,1959.64,1859.62,32.4062,14.5625,1.58848e+06,10929.3,10973.8,700,700,0.177266,-0.0689816,-2.92054,-3.0829,-0.16243,0.861482,0.267344,0.00513892,0.0289889,0.952427,0.415579,311.241,
130,0,0.01,0.0003,52.3901,2000,2.53663,2.49636,3.51403,2.57796,548.531,522.812,1974.71,1882.12,29.1562,12.9062,1.58713e+06,10983.8,11027.3,700,700,0.188516,-0.0662743,-2.97583,-3.05908,-0.0833207,0.873416,0.179569,0.00519869,0.0307997,0.935364,0.453335,321.477,
131,0,0.01,0.0003,50.666,2000,2.65551,2.60002,3.46774,2.71323,542.625,520.094,1953.45,1872.34,27.6875,12.875,1.65746e+06,10981,11022.6,700,700,0.190828,-0.0609129,-2.85431,-2.87271,-0.0184354,0.860081,0.246947,0.00653391,0.0418798,1.03376,0.503846,317.302,
132,0,0.01,0.0003,52.6473,2000,2.68403,2.64292,3.57768,2.72641,564.375,540.656,2031.75,1946.36,29.0625,14.0625,1.63474e+06,10934.5,10976.9,700,700,0.197672,-0.0625146,-2.81349,-2.8534,-0.0399339,0.853865,0.125279,0.00493513,0.0292019,0.960036,0.517358,319.607,
133,0,0.01,0.0003,51.791,2000,2.50459,2.4595,3.47172,2.55111,532.562,509.969,1917.22,1835.89,26.75,11.75,1.61954e+06,10933.2,10976.3,700,700,0.188109,-0.0654423,-2.89538,-3.00084,-0.10554,0.86523,0.19654,0.0010937,0.0295722,1.19881,0.563084,312.846,
134,0,0.01,0.0003,48.6947,2000,2.65481,2.60285,3.59551,2.70888,528.531,508.938,1902.71,1832.17,26.6875,12.9688,1.67056e+06,10924.3,10965.1,700,700,0.18775,-0.0575351,-3.00715,-2.94269,0.0644649,0.858835,0.471584,0.00301116,0.0505209,0.881592,0.513602,301.46,
135,0,0.01,0.0003,52.1586,2000,2.63759,2.58503,3.35303,2.69224,564.281,538.312,2031.41,1937.92,32.5938,15.375,1.6431e+06,10997.6,11040.8,700,700,0.187672,-0.0629095,-2.71998,-2.79376,-0.0737689,0.86388,0.274019,0.00570515,0.0342324,0.904498,0.431029,327.201,
136,0,0.01,0.0003,56.0374,2000,2.4276,2.37689,3.23346,2.48007,536.125,509.344,1930.05,1833.64,30.6562,12.9062,1.61914e+06,10943.2,10987.7,700,700,0.178031,-0.0679371,-2.70425,-2.90128,-0.197074,0.864997,0.123612,0.0128329,0.0458755,0.94876,0.586454,309.083,
137,0,0.01,0.0003,53.366,2000,2.55268,2.50295,3.4833,2.60393,551.844,527.625,1986.64,1899.45,29.6875,12.2188,1.61778e+06,10924.5,10967.8,700,700,0.189594,-0.0659632,-2.7702,-2.89528,-0.125092,0.866828,0.116252,0.00524246,0.031229,0.903197,0.429101,322.087,
138,0,0.01,0.0003,55.2078,2000,2.29165,2.24577,3.25673,2.33898,503.875,478.562,1813.95,1722.83,30.5625,12.875,1.65343e+06,11010.6,11055.2,700,700,0.162875,-0.0719455,-2.94745,-3.18516,-0.237675,0.859851,0.232855,0.00543411,0.0318081,0.921523,0.436963,316.325,
139,0,0.01,0.0003,53.2703,2000,2.36743,2.32113,3.43811,2.41497,519.031,489.188,1868.51,1761.08,32.4688,12.875,1.59359e+06,10988.3,11032.1,700,700,0.163422,-0.0705634,-3.08582,-3.24717,-0.161394,0.853156,0.216871,0.00452766,0.0295958,0.897835,0.439224,298.364,
140,0,0.01,0.0003,51.418,2000,2.27205,2.22803,3.33935,2.31731,502.375,474.656,1808.55,1708.76,30.875,12.6562,1.59226e+06,10980.2,11024.6,700,700,0.160141,-0.0728797,-3.19124,-3.38682,-0.195678,0.861695,0.220685,0.00654721,0.0305592,0.911912,0.487732,276.922,
141,0,0.01,0.0003,50.5937,2000,2.36197,2.32025,3.40161,2.40484,516.25,487.812,1858.5,1756.12,30.7188,13.25,1.58156e+06,10985.8,11029.7,700,700,0.167109,-0.0704566,-3.31351,-3.42983,-0.116337,0.860922,0.255563,0.00624152,0.0370562,0.887868,0.588487,279.702,
142,0,0.01,0.0003,49.5799,2000,2.39081,2.35381,3.43296,2.42868,531.594,500.719,1913.74,1802.59,33.5312,14.875,1.58699e+06,10970,11014.3,700,700,0.166531,-0.072056,-3.17661,-3.32986,-0.153255,0.862134,0.187648,0.00451566,0.0284533,0.948631,0.451854,289.123,
143,0,0.01,0.0003,49.4977,2000,2.41997,2.38357,3.38207,2.45721,529.781,499.656,1907.21,1798.76,33.0625,14.6875,1.61212e+06,10966.6,11010.8,700,700,0.167172,-0.0694382,-3.20313,-3.31056,-0.107409,0.857587,0.188351,0.00499382,0.0287541,0.914325,0.482605,283.111,
144,0,0.01,0.0003,50.2625,2000,2.36914,2.32701,3.39928,2.4122,532.281,502.562,1916.21,1809.22,32.1875,12.4688,1.59851e+06,10954.4,10999.3,700,700,0.170813,-0.0729779,-3.16096,-3.32787,-0.166904,0.869314,0.174805,0.00667574,0.0297462,0.919232,0.472941,282.01,
145,0,0.01,0.0003,51.5599,2000,2.43781,2.39978,3.49524,2.47668,536.469,507.844,1931.29,1828.24,32.4062,13.8438,1.57906e+06,10919.3,10963.2,700,700,0.00873538,-0.0754184,-3.10832,-3.32788,-0.21964,0.721405,0.195499,0.00635131,0.0298585,0.915436,0.685337,281.18,
146,0,0.01,0.0003,52.2893,2000,2.49339,2.45468,3.49034,2.53306,546.781,520.125,1968.41,1872.45,30.125,13.375,1.61986e+06,10906.1,10950.1,700,700,0.0359891,-0.0732594,-3.04045,-3.22802,-0.187663,0.746027,0.144394,0.00534623,0.0298636,0.895198,0.699169,304.075,
147,0,0.01,0.0003,54.3561,2000,2.46437,2.42705,3.46093,2.50258,549.719,522.25,1978.99,1880.1,30.2812,13.25,1.55387e+06,10955.3,11000,700,700,0.0592575,-0.0745709,-3.0023,-3.21711,-0.214815,0.765514,0.1233,0.00456448,0.0281356,0.920985,1.10087,280.687,
148,0,0.01,0.0003,48.3608,2000,2.64108,2.59492,3.57709,2.68852,562.031,534.125,2023.31,1922.85,33.375,14.3125,1.60846e+06,10922.8,10965.6,700,700,0.00966957,-0.0713198,-3.04683,-3.17266,-0.125863,0.704616,0.182606,0.00473521,0.029969,0.879897,1.52152,286.903,
149,0,0.01,0.0003,49.1445,2000,2.45809,2.41603,3.40057,2.50116,533.094,505.469,1919.14,1819.69,31.1875,12.6875,1.58381e+06,10948.9,10992.9,700,700,-0.00667242,-0.0756816,-3.0081,-3.25285,-0.244754,0.704165,0.107483,0.00935671,0.039546,1.145,0.917461,302.948,
150,0,0.01,0.0003,49.9047,2000,2.67246,2.63523,3.58134,2.71054,574.594,545,2068.54,1962,34.1562,15.0938,1.57054e+06,10957.1,11000.2,700,700,-1.00353,-0.108557,-3.00928,-3.76083,-0.751609,0.243192,0.162281,0.00809862,0.0375486,0.790661,51.7892,277.529,
151,0,0.01,0.0003,52.1948,2000,2.58552,2.5423,3.51622,2.62972,573.781,544.969,2065.61,1961.89,33.25,13.6875,1.59672e+06,10925.7,10970,700,700,-0.737239,-0.103505,-3.11356,-3.75888,-0.645325,0.304196,0.161181,0.00762578,0.0395651,0.939488,0.527924,270.877,
152,0,0.01,0.0003,49.5109,2000,2.56537,2.52751,3.53786,2.60416,563,531.406,2026.8,1913.06,34.875,15.9375,1.54075e+06,10941.4,10985.1,700,700,-0.902085,-0.109757,-3.14227,-3.89552,-0.753296,0.262321,0.260165,0.00592945,0.0356475,0.7782,14.0622,278.562,
153,0,0.01,0.0003,51.6187,2000,2.3141,2.28092,3.32246,2.34803,522.469,491.938,1880.89,1770.97,30.8125,13.375,1.55542e+06,11002.2,11047.6,700,700,-0.842435,-0.111509,-3.24939,-4.05427,-0.804857,0.306135,0.195668,0.00744465,0.0372008,0.815178,15.1545,272.935,
154,0,0.01,0.0003,52.2477,2000,2.57615,2.54212,3.46545,2.61095,556.781,530.531,2004.41,1909.91,31.625,14.5625,1.62366e+06,10952.1,10995.9,700,700,-0.789596,-0.102,-3.19051,-3.80123,-0.610689,0.300812,0.372726,0.00638177,0.0362732,0.769827,15.1173,279.293,
155,0,0.01,0.0003,53.3536,2000,2.41366,2.37736,3.37453,2.45087,529.719,502.75,1906.99,1809.9,29.875,13.375,1.58472e+06,11004.6,11049,700,700,-0.640559,-0.100342,-3.27776,-3.87504,-0.597278,0.347561,0.184567,0.00646455,0.0314365,0.825938,1.65503,271.47,
156,0,0.01,0.0003,50.4894,2000,2.66908,2.62178,3.62437,2.71786,567.969,542.531,2044.69,1953.11,30.5938,13.5312,1.63366e+06,10935,10977.6,700,700,-0.418899,-0.0878348,-3.2295,-3.57509,-0.345611,0.350023,0.230951,0.00564642,0.0337579,0.807404,6.15121,276.587,
157,0,0.01,0.0003,52.3084,2000,2.55728,2.52208,3.43716,2.59333,550.094,525.531,1980.34,1891.91,29.4688,13.8438,1.59516e+06,10902.8,10946.6,700,700,-0.792339,-0.101885,-3.21837,-3.81596,-0.597616,0.403726,0.181349,0.00613328,0.0419657,0.849461,1.83089,285.026,
158,0,0.01,0.0003,50.7593,2000,2.59432,2.54724,3.34472,2.64331,544.25,522.031,1959.3,1879.31,28.5,14.4688,1.67371e+06,10974.4,11017.1,700,700,-0.410755,-0.0875699,-3.10543,-3.48475,-0.379331,0.42699,0.15668,0.00565036,0.0329306,0.918186,19.258,288.842,
159,0,0.01,0.0003,49.694,2000,2.2936,2.25631,3.0844,2.33211,494.969,472.656,1781.89,1701.56,26.3438,12.5625,1.64655e+06,10927.6,10972.2,700,700,-0.393175,-0.0917153,-3.29999,-3.76626,-0.466305,0.419366,0.182277,0.00592666,0.0303186,0.895957,2.67057,267.101,
160,0,0.01,0.0003,49.8348,2000,2.25783,2.21555,3.19166,2.30149,500.469,474.656,1801.69,1708.76,28.625,12.8438,1.59415e+06,11009.2,11054.1,700,700,-0.577157,-0.102571,-3.2609,-3.91698,-0.656158,0.374821,0.268123,0.00382158,0.0292597,0.920505,1.63385,274.086,
161,0,0.01,0.0003,49.3355,2000,2.2035,2.16207,3.16333,2.24633,482.031,459.062,1735.31,1652.62,24.1562,11.0312,1.6281e+06,10971,11015.6,700,700,-0.302232,-0.0920658,-3.39868,-3.87015,-0.471469,0.469084,0.380921,0.00519107,0.0286979,0.92278,1.4233,259.411,
162,0,0.01,0.0003,48.6884,2000,2.44172,2.40116,3.42925,2.48364,536.5,512.062,1931.4,1843.42,26.25,12.625,1.6257e+06,10915.7,10959.9,700,700,-0.463111,-0.0929504,-3.29556,-3.75287,-0.457338,0.437858,0.183954,0.00645662,0.0305177,0.920728,9.43483,275.553,
163,0,0.01,0.0003,47.6749,2000,2.58577,2.53972,3.52285,2.63342,558.875,535.875,2011.95,1929.15,27.5,13.0625,1.60563e+06,10928.8,10972.1,700,700,-0.326045,-0.0866468,-3.39674,-3.68727,-0.290558,0.470705,0.178395,0.00627498,0.0273673,0.898947,1.34745,283.72,
164,0,0.01,0.0003,46.1665,2000,2.74946,2.7004,3.60579,2.80017,579.531,554.156,2086.31,1994.96,29.625,14.0938,1.63715e+06,10954.3,10996.4,700,700,-0.346786,-0.0832687,-3.3328,-3.54999,-0.217193,0.407108,0.18586,0.00538176,0.0277986,0.90396,9.26933,260.132,
165,0,0.01,0.0003,51.202,2000,2.56758,2.52392,3.4911,2.61276,541.281,516.344,1948.61,1858.84,29.0312,13.875,1.598e+06,10925.9,10968.5,700,700,-0.370542,-0.0868144,-3.40161,-3.70428,-0.302701,0.41486,0.153609,0.0040365,0.0289958,1.19371,0.718042,278.005,
166,0,0.01,0.0003,44.968,2000,2.85736,2.79528,3.82067,2.92217,550.281,536.594,1981.01,1931.74,22.25,10.8438,1.65827e+06,10901.4,10940.3,700,700,-0.0351134,-0.0627695,-3.24681,-3.17399,0.072806,0.612512,0.166695,0.00657383,0.0418997,0.810343,12.0412,273.954,
167,0,0.01,0.0003,50.4239,2000,2.53764,2.50242,3.44776,2.57366,563.219,537.625,2027.59,1935.45,29.25,13.0625,1.57145e+06,10957,11001.7,700,700,-0.503945,-0.0945203,-3.17779,-3.65547,-0.477749,0.371877,0.161363,0.00477855,0.0331235,0.891376,0.964727,271.468,
168,0,0.01,0.0003,48.4298,2000,2.73685,2.68988,3.61603,2.78508,574.125,551.312,2066.85,1984.72,31.0938,13.7188,1.69289e+06,10940.4,10982.7,700,700,-0.575076,-0.0937815,-3.1841,-3.61393,-0.429813,0.328465,0.180615,0.00629328,0.0284437,0.85123,12.622,280.299,
169,0,0.01,0.0003,51.0657,2000,2.51975,2.48615,3.49531,2.55414,554.406,529.062,1995.86,1904.62,29.5312,13.75,1.61397e+06,10965.7,11009.9,700,700,-0.546819,-0.0986553,-3.24472,-3.77968,-0.535023,0.361041,0.276503,0.00433866,0.0276649,0.89063,12.9462,271.938,
170,0,0.01,0.0003,48.9168,2000,2.48855,2.4396,3.53574,2.53912,537.031,510.438,1933.31,1837.57,32.3125,14.4688,1.68967e+06,10990.6,11033.5,700,700,-0.947204,-0.112737,-3.35782,-4.10906,-0.751198,0.266233,0.150386,0.00718237,0.0321917,0.931742,700.316,274.868,
171,0,0.01,0.0003,51.7778,2000,2.52099,2.47051,3.57588,2.5733,529.969,511,1907.89,1839.6,25.8125,11.6562,1.66988e+06,10999.3,11041.5,700,700,-0.28505,-0.0860749,-3.54983,-3.82168,-0.271851,0.489374,0.171954,0.00548189,0.0368483,1.0814,0.630066,294.636,
172,0,0.01,0.0003,55.1358,2000,2.46877,2.42685,3.55394,2.51186,536.75,510.906,1932.3,1839.26,28.25,12.75,1.57889e+06,10928.7,10971.9,700,700,-0.35348,-0.0912653,-3.36922,-3.76386,-0.394773,0.410288,0.262706,0.00468582,0.0303802,0.865061,19.5919,290.309,
173,0,0.01,0.0003,57.1416,2000,2.17515,2.13211,3.30985,2.21962,484.469,460.156,1744.09,1656.56,26.625,11.875,1.55471e+06,10934.1,10979,700,700,-0.444376,-0.0985774,-3.6139,-4.14671,-0.532883,0.471615,0.244143,0.00537864,0.0284876,0.881982,86.3545,294.55,
174,0,0.01,0.0003,55.0048,2000,2.38672,2.34055,3.49492,2.43433,520.406,498.656,1873.46,1795.16,26.875,11.5625,1.69252e+06,10926.9,10970.7,700,700,-0.259888,-0.0888249,-3.68201,-3.97845,-0.296365,0.51236,0.281438,0.0055729,0.0273587,0.874573,1.21417,267.399,
175,0,0.01,0.0003,51.5734,2000,2.17476,2.13785,3.2031,2.21265,486.938,465.156,1752.97,1674.56,25.9375,10.8438,1.63771e+06,10959.6,11005.2,700,700,-0.33367,-0.0961339,-3.78701,-4.22177,-0.434764,0.501144,0.204538,0.00499522,0.0281207,0.885368,30.2814,285.878,
176,0,0.01,0.0003,50.427,2000,2.28706,2.24611,3.38574,2.32901,514.5,489.219,1852.2,1761.19,29.7812,12.3125,1.62188e+06,10991.6,11036.6,700,700,-0.4927,-0.101966,-3.82953,-4.32682,-0.497363,0.418335,0.181273,0.00476324,0.0270483,0.974323,5.55982,275.754,
177,0,0.01,0.0003,47.8363,2000,2.4462,2.39981,3.53165,2.49409,533.031,509.188,1918.91,1833.07,26.7812,11.9375,1.58755e+06,10978.8,11022.3,700,700,-0.251592,-0.0883905,-4.01181,-4.19913,-0.18729,0.539046,0.176542,0.00484007,0.0265323,0.866954,18.8068,254.387,
178,0,0.01,0.0003,47.2533,2000,2.34099,2.28904,3.47201,2.39474,500.5,478.906,1801.8,1724.06,27.5312,11.5,1.67023e+06,11014.9,11057.9,700,700,-0.327919,-0.0930135,-4.05449,-4.33747,-0.282905,0.503124,0.173964,0.00473031,0.0265726,0.921194,75.2556,275.089,
179,0,0.01,0.0003,48.6241,2000,2.35344,2.31194,3.40777,2.39611,517.75,492.094,1863.9,1771.54,29,12.75,1.59176e+06,11010.2,11054.3,700,700,-0.477491,-0.0994368,-4.02308,-4.40604,-0.383042,0.421408,0.175713,0.00117891,0.0198685,1.22553,0.747688,279.437,
180,0,0.01,0.0003,48.6607,2000,2.56033,2.50901,3.57911,2.6135,536.969,515.375,1933.09,1855.35,28.375,13.25,1.64512e+06,11002.2,11044.5,700,700,-0.367418,-0.0868929,-4.06968,-4.19095,-0.121287,0.477293,0.442201,0.00166305,0.0550353,0.872512,1.409,277.183,
181,0,0.01,0.0003,50.5473,2000,2.40463,2.3541,3.27518,2.45705,524.375,500.562,1887.75,1802.03,26.25,11.875,1.61168e+06,10975.7,11019.9,700,700,-0.264939,-0.0883744,-3.82304,-4.06031,-0.237281,0.511582,0.180797,0.00451007,0.0269649,0.926323,1.06221,282.228,
182,0,0.01,0.0003,51.9261,2000,2.38998,2.34586,3.24469,2.43578,519.469,497.562,1870.09,1791.22,26.3438,13.0312,1.63106e+06,10939.9,10984.1,700,700,-0.265927,-0.0853429,-3.74645,-3.95228,-0.205832,0.491897,0.319135,0.00445257,0.0284748,0.894925,0.901774,269.309,
183,0,0.01,0.0003,55.0064,2000,2.30566,2.26013,3.23901,2.35284,511.75,490.344,1842.3,1765.24,25.9062,11.9062,1.6298e+06,10965.9,11010.7,700,700,-0.290516,-0.0892657,-3.63589,-3.94351,-0.307609,0.486702,0.220307,0.00482813,0.0281084,0.91777,3.64473,292.554,
184,0,0.01,0.0003,54.9042,2000,2.19292,2.14761,3.15118,2.24001,486.188,463.938,1750.28,1670.18,24.7812,11.375,1.59235e+06,10942.4,10987.4,700,700,-0.320401,-0.09208,-3.69571,-4.07705,-0.381338,0.539845,0.249074,0.00428106,0.027268,0.897453,6.8758,286.27,
185,0,0.01,0.0003,48.1424,2000,2.43539,2.38658,3.41916,2.48614,532.781,510.438,1918.01,1837.58,25.6875,12.375,1.58974e+06,10944.7,10988.6,700,700,-0.157903,-0.0822026,-3.65624,-3.8298,-0.173603,0.565984,0.323624,0.00632761,0.0272995,0.892876,6.47521,254.998,
186,0,0.01,0.0003,51.7322,2000,2.07662,2.03588,3.13374,2.11874,468.906,446.031,1688.06,1605.71,25,11.1875,1.61412e+06,10994,11040,700,700,-0.205682,-0.0917676,-3.69701,-4.10339,-0.406391,0.532761,0.316405,0.00376641,0.0249905,0.941701,1.83326,268.759,
187,0,0.01,0.0003,47.2114,2000,2.48302,2.44178,3.43701,2.52554,542.25,517.531,1952.1,1863.11,29.5312,13.8125,1.61373e+06,10887.4,10931.2,700,700,-0.802637,-0.106119,-3.54955,-4.13181,-0.582293,0.400403,0.191585,0.00552633,0.0290232,0.923072,67.3592,265.636,
188,0,0.01,0.0003,48.3121,2000,2.4691,2.42688,3.4393,2.51252,537.906,513.188,1936.46,1847.47,30.125,13.4688,1.61194e+06,10926.8,10970.5,700,700,-0.466907,-0.0967565,-3.55202,-3.98553,-0.433577,0.372762,0.185342,0.00504944,0.0321912,1.07103,1.04554,262.97,
189,0,0.01,0.0003,47.8444,2000,2.59498,2.55226,3.52971,2.63908,553.188,529.438,1991.47,1905.97,27.9375,13.4062,1.59688e+06,10953.2,10996.2,700,700,-0.403311,-0.0889082,-3.56135,-3.83938,-0.278065,0.477922,0.11371,0.00483317,0.0286209,0.930664,11.5763,265.046,
190,0,0.01,0.0003,49.6732,2000,2.45835,2.41632,3.43901,2.50174,530.469,508.875,1909.69,1831.95,25.0312,11.9688,1.60586e+06,10955.4,10999.1,700,700,-0.272496,-0.0874561,-3.60469,-3.87579,-0.271204,0.535943,0.3101,0.00568111,0.0250403,0.94998,1.39512,264.364,
191,0,0.01,0.0003,49.2966,2000,2.45988,2.41889,3.47149,2.50211,541.719,517.562,1950.19,1863.22,25.4375,11.9062,1.56462e+06,10902.9,10947,700,700,-0.196155,-0.0860467,-3.51885,-3.78314,-0.26432,0.539206,0.467224,0.00567624,0.0258951,0.924276,7.56046,291.864,
192,0,0.01,0.0003,51.4268,2000,2.34564,2.309,3.38888,2.38328,513.812,489.938,1849.72,1763.78,28.7812,13.75,1.62441e+06,10958.8,11002.9,700,700,-0.381978,-0.095571,-3.54833,-3.98567,-0.437434,0.470215,0.191559,0.00524527,0.0256311,0.989719,1.03572,271.506,
193,0,0.01,0.0003,51.7823,2000,2.11898,2.08089,3.31061,2.15827,464.656,443.219,1672.76,1595.59,25.7188,11.8125,1.65259e+06,11027.4,11071.5,700,700,-0.27326,-0.0963324,-3.73779,-4.20384,-0.466038,0.52987,0.298011,0.0055494,0.0256806,1.03827,1.80891,289.187,
194,0,0.01,0.0003,47.0981,2000,2.3583,2.31293,3.52393,2.40535,490,472.812,1764,1702.12,23.7188,11.0938,1.72521e+06,10978.6,11020.6,700,700,-0.243239,-0.0882538,-3.81438,-4.08868,-0.274311,0.581659,0.129861,0.00572714,0.0290905,0.986363,106.625,266.193,
195,0,0.01,0.0003,43.7796,2000,2.51529,2.45558,3.64016,2.57774,501.031,485.281,1803.71,1747.01,22.9375,11,1.72311e+06,10940.3,10980.5,700,700,-0.114012,-0.0790533,-3.81607,-3.90343,-0.0873587,0.612804,0.17639,0.00490447,0.0284675,0.994115,3.82898,266.819,
196,0,0.01,0.0003,45.1285,2000,2.552,2.50058,3.60974,2.6054,524.656,503.375,1888.76,1812.15,28.25,13.125,1.67132e+06,10954.8,10996,700,700,-0.336553,-0.0890359,-3.74477,-3.99202,-0.247298,0.475668,0.0950946,0.00574127,0.0290587,0.978134,2.1236,254.486,
197,0,0.01,0.0003,43.7172,2000,2.70822,2.65003,3.7054,2.76878,543.719,522.625,1957.39,1881.45,28.4375,13.375,1.68137e+06,10940.5,10980.7,700,700,-0.388925,-0.0848526,-3.4837,-3.68783,-0.204207,0.409573,0.376998,0.0065064,0.0309222,0.928513,10.0534,270.073,
198,0,0.01,0.0003,48.7156,2000,2.17964,2.13594,3.36447,2.22467,467.469,447.281,1682.89,1610.21,26.0938,10.6875,1.68086e+06,10968.2,11011.6,700,700,-0.305677,-0.094354,-3.53557,-4.00298,-0.467377,0.490815,0.187065,0.00556738,0.0276441,1.02115,2.88343,276.381,
199,0,0.01,0.0003,45.3114,2000,2.48471,2.4368,3.5961,2.53411,513.531,493,1848.71,1774.8,26.6875,11.6875,1.67817e+06,10990.8,11032.4,700,700,-0.30284,-0.0874275,-3.46388,-3.76643,-0.302647,0.478432,0.178395,0.00447875,0.0268462,1.01352,12.7653,252.892,
200,0,0.01,0.0003,47.0783,2000,2.37681,2.32997,3.51282,2.42514,500.25,478.844,1800.9,1723.84,27.375,11.9688,1.69067e+06,10971.1,11013.5,700,700,-0.281975,-0.0880355,-3.51999,-3.85007,-0.330087,0.482105,0.184124,0.00467906,0.0271385,0.944718,9.57361,273.067,
201,0,0.01,0.0003,46.9054,2000,2.52203,2.47651,3.58601,2.56884,534.688,512.594,1924.88,1845.34,28.4375,12.4375,1.71831e+06,10888.8,10931.2,700,700,-0.399136,-0.0927371,-3.3227,-3.73793,-0.415196,0.385216,0.17668,0.00552103,0.0272703,0.95824,4.74863,257.302,
202,0,0.01,0.0003,47.0372,2000,2.51309,2.46823,3.53502,2.55933,529.031,510.625,1904.51,1838.25,27.125,12.4062,1.7032e+06,10921.2,10963.8,700,700,-0.278545,-0.0874996,-3.32447,-3.64945,-0.324981,0.508071,0.180733,0.00402376,0.0273713,0.936819,2.58311,261.749,
203,0,0.01,0.0003,50.7538,2000,1.8912,1.86448,3.16689,1.91875,415.969,398.562,1497.49,1434.82,22.625,10.5312,1.72432e+06,11058.4,11103.4,700,700,-0.154074,-0.0889872,-3.4525,-3.93753,-0.484955,0.584979,0.193096,0.00457773,0.0272525,1.04035,0.875356,273.051,
204,0,0.01,0.0003,46.9828,2000,2.56746,2.53044,3.5616,2.60539,555.844,528.594,2001.04,1902.94,30.7812,13.9062,1.6253e+06,10964.8,11007.9,700,700,-0.498113,-0.0947691,-3.1863,-3.65636,-0.470067,0.353204,0.189116,0.00444266,0.0298003,0.948623,9.36348,282.133,
205,0,0.01,0.0003,47.0325,2000,2.45024,2.41049,3.46802,2.49106,525.719,502.062,1892.59,1807.42,29.5312,13.5625,1.6089e+06,10958.7,11001.9,700,700,-0.559547,-0.0994885,-3.21783,-3.78656,-0.568763,0.362793,0.236446,0.004162,0.0282417,0.990468,15.7063,258.604,
206,0,0.01,0.0003,47.4091,2000,2.49698,2.45986,3.49474,2.53513,542.656,518.938,1953.56,1868.18,28.7812,14.25,1.64293e+06,10954.2,10997.8,700,700,-0.399185,-0.0919519,-3.2763,-3.6892,-0.412903,0.420709,0.182716,0.00765177,0.0280379,0.982352,27.1107,272.458,
207,0,0.01,0.0003,47.1429,2000,2.51315,2.4731,3.48168,2.55437,541.938,518.438,1950.97,1866.38,27.7188,13.0625,1.62672e+06,10891.2,10934.6,700,700,-0.299077,-0.0888582,-3.40762,-3.73172,-0.324087,0.452648,0.261081,0.00802966,0.0275074,0.932311,11.4758,273.627,
208,0,0.01,0.0003,46.7614,2000,2.69158,2.64904,3.60507,2.73534,571.062,549.969,2055.82,1979.89,27.375,12.875,1.61162e+06,10999.7,11042.3,700,700,-0.368115,-0.0882454,-3.38205,-3.6694,-0.287305,0.472508,0.330263,0.00681532,0.039117,0.924591,9.07864,265.267,
209,0,0.01,0.0003,46.4521,2000,2.78092,2.74025,3.65485,2.82277,586.969,566.188,2113.09,2038.28,27.625,13.6562,1.60932e+06,10935.1,10977.5,700,700,-0.247963,-0.0805036,-3.25262,-3.4173,-0.164719,0.488812,0.199866,0.00543193,0.0281585,0.957205,1.59808,262.834,
210,0,0.05,0.0003,51.6844,2000,2.67272,2.63833,3.58446,2.70792,580.844,554.062,2091.04,1994.62,31.125,14.7188,1.56646e+06,10949.2,10992.7,700,700,0.121406,-0.0690529,-3.10212,-3.13409,-0.0320698,0.837252,0.248029,0.0100557,0.0542936,1.04603,0.642908,279.296,
211,0,0.05,0.0003,51.726,2000,2.20442,2.14679,2.80993,2.26477,505.062,478.062,1818.22,1721.03,29.7812,12.7812,1.61224e+06,10943.3,10989.6,700,700,0.090125,-0.0805931,-2.94615,-3.29201,-0.345906,0.843898,0.207877,0.00200502,0.0253058,1.31243,0.647291,267.746,
212,0,0.05,0.0003,48.937,2000,2.39465,2.33104,3.14203,2.46131,527.156,502.844,1897.76,1810.24,27.2812,11.7188,1.61406e+06,10941,10985.1,700,700,0.115016,-0.0745689,-3.23481,-3.3779,-0.143114,0.858394,0.1942,0.0049378,0.0257313,1.06407,0.527127,254.668,
213,0,0.05,0.0003,50.8545,2000,2.15207,2.10596,2.99997,2.19981,495.5,465.969,1783.8,1677.49,31.9062,13.6875,1.60519e+06,10974.8,11020.9,700,700,0.0734531,-0.0824085,-3.39371,-3.67711,-0.283428,0.849651,0.33577,0.00401446,0.0249876,1.1115,0.60625,276.671,
214,0,0.05,0.0003,49.8288,2000,2.42599,2.37759,3.21674,2.47594,549.25,521.719,1977.3,1878.19,31.4375,13.5,1.59981e+06,10947.7,10992.7,700,700,0.103672,-0.0804095,-3.53582,-3.67877,-0.143013,0.867926,0.113563,0.00463431,0.0238611,1.13706,0.577238,277.565,
215,0,0.05,0.0003,56.5872,2000,2.24371,2.1962,3.06687,2.2927,519.156,490.938,1868.96,1767.38,30.9688,12.625,1.57266e+06,10904.8,10951.1,700,700,0.090625,-0.0841547,-3.6544,-3.87112,-0.216798,0.865395,0.2408,0.00363915,0.0228301,1.16263,0.708756,271.471,
216,0,0.05,0.0003,52.7714,2000,2.41075,2.35988,3.13448,2.46331,546.281,518.719,1966.61,1867.39,31.4375,13,1.6117e+06,10885.6,10931.1,700,700,0.102172,-0.082199,-3.72404,-3.84738,-0.123374,0.866037,0.201996,0.00434743,0.0214377,1.193,0.639194,271.296,
217,0,0.05,0.0003,55.0559,2000,2.38753,2.34119,3.16371,2.43533,548.156,519.5,1973.36,1870.2,32,13.9688,1.58477e+06,10961.2,11007.1,700,700,0.09975,-0.0833455,-3.74977,-3.88388,-0.13414,0.875486,0.363044,0.00420414,0.0211257,1.208,0.683346,278.259,
218,0,0.05,0.0003,53.6011,2000,2.53084,2.47974,3.23779,2.58362,578.031,547.312,2080.91,1970.33,33.9375,14.7188,1.58144e+06,10942.3,10987.6,700,700,0.103969,-0.0815818,-3.7226,-3.79272,-0.0702011,0.875381,0.155414,0.00327112,0.0201773,1.22691,0.548449,273.473,
219,0,0.05,0.0003,56.2626,2000,2.34748,2.29816,3.10623,2.39851,531.094,503.969,1911.94,1814.29,28.7812,12.2812,1.58587e+06,10999.1,11044.6,700,700,0.108078,-0.0834197,-3.76831,-3.90842,-0.140113,0.877508,0.196882,0.00247524,0.0183953,1.24684,0.5741,282.21,
220,0,0.05,0.0003,53.4088,2000,2.59213,2.54495,3.24409,2.6408,589.438,557.562,2121.97,2007.22,33.9062,15.4062,1.56e+06,10884.2,10929.5,700,700,0.10925,-0.0795071,-3.71114,-3.7295,-0.0184399,0.878669,0.214007,0.00326688,0.0187857,1.23596,0.677979,279.361,
221,0,0.05,0.0003,54.8434,2000,2.4684,2.42068,3.11028,2.51771,560.438,531.438,2017.57,1913.18,33.5312,14.9688,1.58675e+06,10920.2,10965.8,700,700,0.0980625,-0.0813644,-3.70256,-3.79031,-0.087775,0.879178,0.287449,0.00158485,0.0174921,1.26346,0.557079,287.194,
222,0,0.05,0.0003,54.2432,2000,2.5255,2.4793,3.1834,2.57313,583.312,547.938,2099.92,1972.57,38.125,16.875,1.56752e+06,10931.4,10977.2,700,700,0.0833438,-0.0823997,-3.68745,-3.77241,-0.0849755,0.876454,0.197305,0.00208235,0.0187162,1.27042,0.636763,288.65,
223,0,0.05,0.0003,55.4313,2000,2.48503,2.43799,3.17591,2.53356,565.719,537.375,2036.59,1934.55,31.3125,13.6875,1.55966e+06,10961.5,11007.1,700,700,0.112125,-0.0807109,-3.73089,-3.80296,-0.0720967,0.876856,0.264877,0.00100771,0.0177165,1.26439,0.658304,273.277,
224,0,0.05,0.0003,54.4078,2000,2.3947,2.35149,3.12474,2.43905,556.75,526.031,2004.3,1893.71,33.4062,13.8125,1.56804e+06,10965.8,11012.3,700,700,0.0959844,-0.0839154,-3.79782,-3.92449,-0.126664,0.877278,0.165962,0.00169996,0.0171104,1.26779,0.670576,266.745,
225,0,0.05,0.0003,54.1621,2000,2.29943,2.25811,3.0977,2.34193,540.281,510.438,1945.01,1837.57,31.6875,13.2188,1.5467e+06,10947.1,10994.1,700,700,0.0967812,-0.084324,-3.94495,-4.07125,-0.126333,0.873192,0.200257,0.00279034,0.0196027,1.30179,0.684893,273.862,
226,0,0.05,0.0003,52.349,2000,2.45801,2.41988,3.16506,2.49707,582.219,548.969,2095.99,1976.29,34,14.8438,1.53702e+06,10931.4,10978.6,700,700,0.104484,-0.0809398,-3.82212,-3.87682,-0.0547462,0.874728,0.2304,0.00310269,0.0189285,1.25162,0.695095,265.869,
227,0,0.05,0.0003,52.8833,2000,2.41669,2.37805,3.13687,2.45631,574.406,539.781,2067.86,1943.21,35.5938,15.8438,1.55894e+06,10900.3,10947.5,700,700,0.0919219,-0.0827396,-3.76369,-3.87585,-0.11217,0.873838,0.199609,0.00175179,0.0179279,1.28142,0.756781,268.516,
228,0,0.05,0.0003,56.2376,2000,2.43549,2.40169,3.15092,2.47019,573.875,544.75,2065.95,1961.1,30.6875,14.4688,1.53716e+06,10971.2,11018.2,700,700,0.118938,-0.0810749,-3.85388,-3.9165,-0.0626116,0.881119,0.283046,0.00193193,0.0171851,1.28013,0.583839,274.561,
229,0,0.05,0.0003,58.4661,2000,2.19244,2.15771,2.95461,2.22815,521.125,495.312,1876.05,1783.12,26.75,12.0312,1.52579e+06,10941.6,10989.5,700,700,0.113906,-0.0841472,-3.93099,-4.0913,-0.160346,0.88249,1.09716,0.00149547,0.0174282,1.28756,0.584183,297.584,
230,0,0.02,0.0003,57.4381,2000,2.17847,2.14541,2.97131,2.21245,526.062,494.188,1893.82,1779.08,30.25,14.3125,1.50898e+06,10968.9,11017,700,700,0.0202188,-0.0882427,-3.93991,-4.17059,-0.230712,0.845902,0.208117,0.00179262,0.0176747,1.26181,0.839701,282.597,
231,0,0.02,0.0003,54.6534,2000,2.22079,2.18061,2.98228,2.26209,530.031,501.875,1908.11,1806.75,29.0312,12.0938,1.56568e+06,10956.2,11004.1,700,700,0.0332031,-0.0888149,-3.9216,-4.14767,-0.225982,0.838823,0.289121,0.00204962,0.0187596,1.27322,0.771812,287.091,
232,0,0.02,0.0003,52.3048,2000,2.41115,2.37086,3.14924,2.45265,569.281,539.812,2049.41,1943.33,30.4062,14.3125,1.53862e+06,10945.8,10992.8,700,700,0.0418594,-0.0848302,-3.83645,-3.96179,-0.125378,0.8452,0.213704,0.00153986,0.0175711,1.28852,0.907046,292.404,
233,0,0.02,0.0003,52.7881,2000,2.37485,2.33988,3.09484,2.4107,565.438,535.844,2035.58,1929.04,28.4688,12.8438,1.52878e+06,10949.9,10997.4,700,700,0.0544063,-0.0832611,-4.04987,-4.11357,-0.0636799,0.853039,0.202769,0.00233137,0.0169624,1.26886,0.873012,279.508,
234,0,0.02,0.0003,52.1282,2000,2.54775,2.50964,3.2297,2.58684,598.969,570.781,2156.29,2054.81,30.5312,13.7188,1.53729e+06,10910.9,10957.7,700,700,0.0564062,-0.0810911,-4.06578,-4.03355,0.0321852,0.843799,0.301112,0.00188096,0.0172559,1.25164,1.09387,287.48,
235,0,0.02,0.0003,53.0461,2000,2.55225,2.51792,3.22661,2.58747,597.906,568.656,2152.46,2047.16,30.2812,14.75,1.53152e+06,10891.8,10938.6,700,700,0.0572187,-0.0794693,-3.95698,-3.93163,0.0253098,0.846145,0.194464,-0.000114913,0.0275802,1.40487,0.390018,290.927,
236,0,0.02,0.0003,54.6831,2000,2.4106,2.38522,3.15236,2.43652,575.781,548.781,2072.81,1975.61,28.1875,13.8438,1.52382e+06,10920.3,10968.3,700,700,0.0629844,-0.0810459,-3.95602,-3.99278,-0.0367731,0.843729,0.139117,0.00357799,0.0224448,1.17767,0.758885,293.708,
237,0,0.02,0.0003,52.9643,2000,2.54121,2.50867,3.26327,2.57449,604.438,572.531,2175.98,2061.11,31.125,14.3438,1.52229e+06,10898.3,10945.6,700,700,0.0528281,-0.0807427,-3.90644,-3.91673,-0.0103025,0.839249,0.199506,0.00352503,0.0225786,1.18325,0.995442,289.611,
238,0,0.02,0.0003,53.0566,2000,2.5411,2.51278,3.27841,2.57005,602.688,572.562,2169.68,2061.22,31.5,15.4688,1.51521e+06,10943.6,10991,700,700,0.0500312,-0.0796759,-3.91052,-3.89997,0.010539,0.843939,0.202405,0.00320101,0.0212969,1.16736,0.648107,293.53,
239,0,0.02,0.0003,55.3168,2000,2.50341,2.47225,3.25578,2.53525,600.781,568.125,2162.81,2045.25,33.4375,15.75,1.54371e+06,10898.2,10945.9,700,700,0.0332813,-0.0815608,-3.76567,-3.82979,-0.0642111,0.830337,0.203961,0.00291653,0.0213873,1.17497,1.02427,284.629,
240,0,0.02,0.0003,52.7593,2000,2.50711,2.48018,3.30259,2.53462,594.969,567.438,2141.89,2042.78,29.0312,14.5938,1.52494e+06,10991.9,11039.2,700,700,0.0659844,-0.0803902,-3.73087,-3.79133,-0.0604915,0.844097,0.200871,0.00292799,0.0224277,1.18208,0.788122,285.598,
241,0,0.02,0.0003,53.5845,2000,2.55381,2.52634,3.2759,2.58184,602.562,571.844,2169.22,2058.64,33.9062,16.5,1.55144e+06,10930.5,10977.7,700,700,0.031625,-0.0802942,-3.6581,-3.71933,-0.0612412,0.820214,0.200237,0.00274654,0.0213167,1.1796,0.695537,278.448,
242,0,0.02,0.0003,57.5864,2000,2.47141,2.44354,3.22578,2.49989,585.688,556.969,2108.48,2005.09,29.5625,14.5625,1.52537e+06,10907.6,10955,700,700,0.0567656,-0.0798257,-3.66606,-3.74283,-0.0767499,0.833435,0.196534,0.00216031,0.0217551,1.14218,0.784727,282.99,
243,0,0.02,0.0003,53.5988,2000,2.5245,2.49896,3.25311,2.55058,601.281,566.438,2164.61,2039.17,34.6875,16.9688,1.53351e+06,10911.6,10959,700,700,0.0230625,-0.0800249,-3.52403,-3.62622,-0.102136,0.819285,0.336825,0.00246275,0.0207731,1.1519,1.03713,300.08,
244,0,0.02,0.0003,55.4248,2000,2.39414,2.36473,3.18681,2.42414,573.25,543.281,2063.7,1955.81,30.6562,14.1875,1.53315e+06,10943.4,10991.3,700,700,0.0417187,-0.082414,-3.53793,-3.71323,-0.175331,0.819343,0.231134,0.00344828,0.0198949,1.15374,0.838963,283.159,
245,0,0.02,0.0003,56.4828,2000,2.53014,2.49804,3.28528,2.56284,603.625,567.969,2173.05,2044.69,36.0938,16.1875,1.51616e+06,10939.1,10986.3,700,700,0.0132812,-0.0826114,-3.5509,-3.68809,-0.137216,0.808317,0.250568,0.00253317,0.0202186,1.1435,1.04286,298.365,
246,0,0.02,0.0003,53.0001,2000,2.59306,2.55842,3.32681,2.62851,608.219,577.625,2189.59,2079.45,31.0938,14.5938,1.52882e+06,10934.1,10980.7,700,700,0.0556094,-0.07945,-3.58304,-3.64593,-0.062915,0.831738,0.121283,0.00258782,0.0208409,1.1516,0.735794,287.239,
247,0,0.02,0.0003,52.8602,2000,2.46539,2.43275,3.2292,2.49881,580.719,548.531,2090.59,1974.71,32.9062,15.1562,1.52557e+06,10951.7,10998.7,700,700,0.0274688,-0.0814717,-3.63963,-3.75345,-0.11384,0.821709,0.20094,0.00273904,0.0212522,1.1619,1.20212,303.327,
248,0,0.02,0.0003,55.482,2000,2.31633,2.28639,3.14437,2.34691,554.688,525.25,1996.88,1890.9,29.1875,13.4375,1.51203e+06,10911.7,10959.5,700,700,0.0437188,-0.0837958,-3.69205,-3.87596,-0.183956,0.824909,0.323568,0.00263082,0.02043,1.1602,0.621415,290.643,
249,0,0.02,0.0003,52.6351,2000,2.38754,2.35367,3.22558,2.42218,565.438,537.312,2035.58,1934.32,29.9375,13.625,1.53199e+06,10845.7,10893,700,700,0.044125,-0.0828002,-3.63939,-3.79901,-0.159638,0.824971,0.245309,0.00353331,0.0217359,1.14802,0.944446,289.829,
250,0,0.02,0.0003,53.1619,2000,2.38292,2.35018,3.24391,2.41636,566,535.531,2037.6,1927.91,30.9688,13.7188,1.52355e+06,10944.9,10992.1,700,700,0.0355,-0.0835605,-3.70646,-3.86525,-0.158755,0.820966,0.132513,0.00259494,0.0223413,1.14121,0.67431,309.644,
251,0,0.02,0.0003,52.058,2000,2.54134,2.51296,3.32066,2.57023,597.906,567.062,2152.46,2041.42,33.7812,16.25,1.52553e+06,10876.5,10923.3,700,700,0.0301719,-0.0799017,-3.6388,-3.70794,-0.0691662,0.824319,0.19813,0.00407723,0.0218707,1.14668,1.00426,278.758,
252,0,0.02,0.0003,52.0205,2000,2.36352,2.32842,3.17508,2.39952,551.562,523.344,1985.62,1884.04,29.1875,13.375,1.53507e+06,10923.7,10970.4,700,700,0.0427656,-0.0817678,-3.77479,-3.89654,-0.121827,0.832062,0.210717,0.00439677,0.021604,1.16431,0.847855,314.262,
253,0,0.02,0.0003,53.6185,2000,2.39641,2.36228,3.21443,2.43146,549.719,523.25,1978.99,1883.7,28.8438,13.7188,1.54329e+06,10952.1,10998.2,700,700,0.0452969,-0.081121,-3.72194,-3.82751,-0.105636,0.835461,0.293454,0.00312765,0.0213308,1.16182,1.01193,291.485,
254,0,0.02,0.0003,53.0763,2000,2.38426,2.34404,3.23502,2.42555,542.375,513.5,1952.55,1848.6,30.3438,13.1875,1.55387e+06,10973.7,11019.2,700,700,0.0291719,-0.0834011,-3.69411,-3.84356,-0.149489,0.824409,0.227055,0.00350339,0.0235671,1.18848,0.931602,294.867,
255,0,0.02,0.0003,51.3434,2000,2.53238,2.48517,3.35452,2.58104,560.312,533.594,2017.12,1920.94,30.2188,13.4062,1.55992e+06,10926,10970.1,700,700,0.0401563,-0.0796767,-3.72093,-3.77461,-0.0537251,0.828006,0.709129,0.00542998,0.023308,1.17204,1.08809,294.44,
256,0,0.02,0.0003,51.9307,2000,2.40273,2.35516,3.33047,2.45158,536.719,508.406,1932.19,1830.26,33.3438,13.625,1.60509e+06,10972.7,11017.1,700,700,0.004125,-0.0835261,-3.7355,-3.88458,-0.149087,0.813059,0.221991,0.0043045,0.0219151,1.20382,1.04568,292.827,
257,0,0.02,0.0003,53.6866,2000,2.45631,2.42302,3.30273,2.49045,550.969,523.312,1983.49,1883.93,30.9375,14.9062,1.58379e+06,10915,10960,700,700,0.029625,-0.0790736,-3.73726,-3.80126,-0.0639497,0.82644,0.177194,0.00370559,0.0220991,1.16745,0.928189,287.985,
258,0,0.02,0.0003,53.4146,2000,2.52027,2.48167,3.39569,2.55986,571.375,542.531,2056.95,1953.11,30.625,13.6875,1.57909e+06,10893.8,10938.8,700,700,0.0415781,-0.0783551,-3.63276,-3.69968,-0.0670072,0.816867,0.258752,0.00392738,0.0226596,1.14816,1.01456,316.65,
259,0,0.02,0.0003,52.1227,2000,2.37833,2.33887,3.25737,2.41877,541.812,510.5,1950.53,1837.8,32.25,14.0312,1.59107e+06,10916.3,10961.9,700,700,0.013375,-0.0803741,-3.62323,-3.76209,-0.138883,0.807093,0.35347,0.00579495,0.0238203,1.14633,1.08742,338.961,
260,0,0.02,0.0003,50.3991,2000,2.48436,2.44684,3.36138,2.52289,556.469,530.688,2003.29,1910.47,27.9375,12.7812,1.53043e+06,10959.8,11004.5,700,700,-0.153719,-0.0852008,-3.53939,-3.75963,-0.220308,0.639557,0.128193,0.0045167,0.0225041,1.16369,2.9594,272.96,
261,0,0.02,0.0003,50.4572,2000,2.2741,2.23569,3.23444,2.31357,513.094,487.281,1847.14,1754.21,27.8125,12.1875,1.60693e+06,10958.2,11003.6,700,700,-0.173547,-0.0894242,-3.51267,-3.86728,-0.354656,0.624117,0.200903,0.00260779,0.0278582,1.34691,2.40754,297.21,
262,0,0.02,0.0003,48.1051,2000,2.56941,2.52227,3.38421,2.61812,556.219,533.844,2002.39,1921.84,28.7812,13.3438,1.62439e+06,10937.1,10980.8,700,700,-0.164797,-0.0841742,-3.60603,-3.78149,-0.17542,0.625116,0.236019,0.00590132,0.0267241,1.1381,3.85612,274.068,
263,0,0.02,0.0003,48.9163,2000,2.52859,2.48796,3.38703,2.57047,558.156,534.656,2009.36,1924.76,26.9375,13.0312,1.56542e+06,10942.7,10987,700,700,-0.136734,-0.0841369,-3.62122,-3.81325,-0.192099,0.65194,0.115055,0.0067816,0.0307028,1.26238,1.15082,283.086,
264,0,0.02,0.0003,50.0081,2000,2.44653,2.40995,3.32469,2.48407,561.25,532.125,2020.5,1915.65,30.9688,14.1562,1.54933e+06,10899.4,10945.1,700,700,-0.198469,-0.0880998,-3.65086,-3.91189,-0.261071,0.612722,0.112967,0.00540162,0.0246326,1.15075,2.54069,287.299,
265,0,0.02,0.0003,51.7573,2000,2.31405,2.2875,3.22558,2.34125,545.094,516.031,1962.34,1857.71,29.2812,14.1875,1.55036e+06,10895,10942.1,700,700,-0.181203,-0.0881491,-3.76559,-4.02992,-0.264357,0.650122,0.224022,0.00550515,0.0273297,1.12812,2.11083,279.81,
266,0,0.02,0.0003,51.494,2000,2.31263,2.28648,3.26097,2.33929,540.25,511.469,1944.9,1841.29,28.75,13.4688,1.56422e+06,10949.3,10996,700,700,-0.175516,-0.0885895,-3.75342,-4.03406,-0.280724,0.646079,0.289423,0.00401308,0.0257565,1.12269,2.46403,287.205,
267,0,0.02,0.0003,51.1994,2000,2.4516,2.42149,3.28447,2.4823,568.219,536.438,2045.59,1931.17,31.125,14.5,1.55173e+06,10899.1,10945.4,700,700,-0.198656,-0.0877173,-3.76211,-3.98641,-0.22436,0.632944,0.235007,0.00507455,0.0274948,1.08488,2.32669,301.025,
268,0,0.02,0.0003,50.7385,2000,2.44078,2.40824,3.32737,2.47398,568.781,535.625,2047.61,1928.25,32.625,14.4688,1.5291e+06,10923.4,10969.6,700,700,-0.221562,-0.0894702,-3.73903,-3.99512,-0.256075,0.625184,0.125441,0.00465192,0.0254605,1.12306,4.30089,290.283,
269,0,0.02,0.0003,51.563,2000,2.3688,2.33735,3.28434,2.40101,552.625,525.625,1989.45,1892.25,29.2812,13.4062,1.57343e+06,10974.3,11020.9,700,700,-0.176406,-0.0884974,-3.88379,-4.11128,-0.22748,0.673539,0.113659,0.00408793,0.0245187,1.24584,1.6025,298.83,
270,0,0.02,0.0003,53.5567,2000,2.42497,2.39469,3.3012,2.45585,562.719,533.719,2025.79,1921.39,30.9375,14.125,1.53704e+06,10943.5,10990,700,700,-0.197203,-0.0879761,-3.8543,-4.05645,-0.202175,0.633049,0.296758,0.00602675,0.0272246,1.10617,3.74962,310.677,
271,0,0.02,0.0003,52.572,2000,2.53044,2.49683,3.36156,2.56472,589.25,557.562,2121.3,2007.22,34.375,15.25,1.53371e+06,10985.6,11032,700,700,-0.236844,-0.0886622,-3.73898,-3.94601,-0.207011,0.621535,0.396934,0.00574738,0.0280478,1.10635,3.6239,278.976,
272,0,0.02,0.0003,54.3467,2000,2.59181,2.56106,3.36761,2.62318,611.031,575.938,2199.71,2073.38,36.9688,17.375,1.54329e+06,10876.2,10922.9,700,700,-0.266563,-0.0885766,-3.73575,-3.93138,-0.195657,0.598027,0.204926,0.00501326,0.0262671,1.09041,3.52708,282.75,
273,0,0.02,0.0003,54.5767,2000,2.48075,2.45068,3.30977,2.51136,587.562,554.594,2115.22,1996.54,34.1875,15.375,1.52341e+06,10944.6,10991.7,700,700,-0.235516,-0.0885561,-3.73317,-3.96039,-0.227208,0.604198,0.349986,0.00487913,0.0255849,1.10196,2.78417,286.034,
274,0,0.02,0.0003,54.2079,2000,2.32599,2.29621,3.17309,2.35651,537.844,508.969,1936.24,1832.29,30.875,14.5625,1.57739e+06,10969.7,11016.5,700,700,-0.208641,-0.0885218,-3.70477,-3.98703,-0.282261,0.612371,0.319305,0.00584067,0.0254344,1.13563,3.99763,278.251,
275,0,0.02,0.0003,53.8596,2000,2.40795,2.36942,3.2314,2.44728,553.625,521.906,1993.05,1878.86,34.4688,14.1875,1.56207e+06,10937.4,10983.6,700,700,-0.256078,-0.0913234,-3.75673,-4.05049,-0.293798,0.585655,0.206727,0.00587781,0.0254901,1.14648,4.33475,288.632,
276,0,0.02,0.0003,51.3325,2000,2.5508,2.50974,3.38302,2.59277,581.969,553.219,2095.09,1991.59,31.1562,12.875,1.55493e+06,10902.8,10948.4,700,700,-0.190734,-0.0871754,-3.76725,-3.96416,-0.196949,0.647242,0.204425,0.00468857,0.024219,1.15186,2.99565,273.796,
277,0,0.02,0.0003,53.2643,2000,2.26227,2.22854,3.14298,2.29674,519.594,491.469,1870.54,1769.29,30.625,13.0312,1.56199e+06,10938.2,10984.7,700,700,-0.213641,-0.0912842,-3.88085,-4.19447,-0.313588,0.640638,0.295385,0.0061071,0.0251119,1.1357,3.19468,288.77,
278,0,0.02,0.0003,52.3715,2000,2.40101,2.36677,3.28137,2.4359,559.5,527.469,2014.2,1898.89,33.7188,14.0938,1.53312e+06,10926.7,10973.2,700,700,-0.242047,-0.0914327,-3.7947,-4.09577,-0.301082,0.649232,0.271388,0.00601627,0.0247406,1.12596,3.75819,286.583,
279,0,0.02,0.0003,52.1095,2000,2.21959,2.182,3.18975,2.25802,511.344,483.344,1840.84,1740.04,30.9062,12.5312,1.57035e+06,10946.4,10992.6,700,700,-0.221922,-0.0936141,-3.96491,-4.31428,-0.349379,0.705526,0.445849,0.00466593,0.0248133,1.15871,2.36432,292.935,
280,0,0.02,0.0003,56.3211,2000,2.2738,2.24013,3.25378,2.30822,522.406,493.25,1880.66,1775.7,32.1562,14.0625,1.60535e+06,10942,10987.9,700,700,-0.235719,-0.0924281,-4.02716,-4.33005,-0.302803,0.712035,0.137265,0.00382253,0.022185,1.25667,2.31286,292.902,
281,0,0.02,0.0003,54.6194,2000,1.96326,1.93843,3.11674,1.98864,453.156,429.812,1631.36,1547.33,25.8438,11.5312,1.62086e+06,10994,11040.7,700,700,-0.17275,-0.0913926,-4.49644,-4.78939,-0.292908,0.748669,0.196581,0.0035451,0.0213223,1.27819,1.9803,288.848,
282,0,0.02,0.0003,52.6342,2000,2.1746,2.15007,3.17087,2.19983,490.094,464.875,1764.34,1673.55,25.9375,12.8125,1.54667e+06,10919.4,10965.4,700,700,-0.156625,-0.0862386,-4.32781,-4.51121,-0.183574,0.696724,0.217894,0.00450652,0.0192873,1.30444,2.07219,294.364,
283,0,0.02,0.0003,58.6743,2000,1.10326,1.08814,2.21597,1.11904,264.906,248.5,953.663,894.6,11.6562,6.40625,1.52836e+06,11047.2,11097,700,700,-0.0505938,-0.0959801,-5.26089,-5.72055,-0.460049,0.841503,0.430748,0.00530854,0.0295253,1.12762,2.35657,288.199,
284,0,0.02,0.0003,57.2961,2000,1.29275,1.27733,2.41932,1.30867,309.906,290.844,1115.66,1047.04,15.25,7,1.55723e+06,11084.6,11134,700,700,-0.0833281,-0.0952929,-4.88951,-5.353,-0.463771,0.798506,0.150237,0.0035791,0.0244547,1.26446,1.26677,294.558,
285,0,0.02,0.0003,58.451,2000,1.15316,1.13862,2.19364,1.16825,279.062,261.531,1004.62,941.513,13.7188,6.875,1.56479e+06,11051.5,11101.8,700,700,-0.0750156,-0.0959893,-4.90541,-5.401,-0.495759,0.795061,0.203296,0.0051002,0.0259933,1.16409,1.7294,293.697,
286,0,0.02,0.0003,60.5535,2000,0.846715,0.834047,2.07357,0.860006,220,203.156,792,731.362,11.0312,5.40625,1.56919e+06,11079.4,11130.7,700,700,-0.0638906,-0.0989097,-5.02444,-5.63732,-0.613146,0.822121,0.323584,0.00441064,0.0286538,1.13496,1.73503,280.17,
287,0,0.02,0.0003,60.29,2000,0.813187,0.805171,1.91704,0.821581,209.562,192.094,754.425,691.538,10.5,5.875,1.57329e+06,11091.9,11143.4,700,700,-0.0614531,-0.0985366,-4.87045,-5.51024,-0.639986,0.829187,0.210924,0.00224739,0.0218515,1.33726,0.75384,287.398,
288,0,0.02,0.0003,59.0638,2000,1.13938,1.12397,2.28066,1.15546,285.594,266.625,1028.14,959.85,14.0625,6.8125,1.54308e+06,10988.8,11039.4,700,700,-0.077625,-0.0964891,-4.61752,-5.18763,-0.570326,0.761729,0.208519,-0.000279796,0.0450851,1.30075,0.7464,288.642,
289,0,0.02,0.0003,52.3223,2000,2.78072,2.76428,3.48886,2.79732,652.406,617.438,2348.66,2222.78,37.8438,18.8125,1.50488e+06,10883,10929.6,700,700,-0.258937,-0.0807774,-3.66302,-3.69497,-0.0319615,0.567009,0.19768,0.0134884,0.0636824,0.896327,2.32006,289.116,
290,0,0.02,0.0003,52.7937,2000,2.56941,2.54472,3.38065,2.59457,602.156,565.938,2167.76,2037.38,36.4062,17.4688,1.51937e+06,10888.6,10935.2,700,700,-0.263125,-0.0847014,-3.52781,-3.72402,-0.196273,0.553738,0.224409,0.00559125,0.0371062,0.941347,4.19856,295.587,
291,0,0.02,0.0003,51.3834,2000,2.54255,2.51139,3.3525,2.57449,579.156,548.531,2084.96,1974.71,31.1875,15.4062,1.52396e+06,10865.9,10911.5,700,700,-0.193547,-0.0814838,-3.46864,-3.64811,-0.179599,0.592612,0.192243,0.00521793,0.0281276,0.959717,2.27092,278.329,
292,0,0.02,0.0003,56.9204,2000,2.46161,2.43187,3.25304,2.49198,580.094,547.531,2088.34,1971.11,32.5625,15.25,1.51868e+06,10929.6,10976.8,700,700,-0.214672,-0.0853311,-3.3745,-3.65072,-0.276279,0.5678,0.188405,0.00472478,0.0278803,0.969025,3.47037,281.119,
293,0,0.02,0.0003,55.7831,2000,2.51377,2.48379,3.34133,2.54435,589.125,558.625,2120.85,2011.05,33.8125,15.6562,1.55432e+06,10928.8,10975.5,700,700,-0.227875,-0.0865058,-3.38356,-3.66352,-0.279945,0.552147,0.222622,0.00593274,0.0277815,1.01442,2.36685,356.952,
294,0,0.02,0.0003,59.0568,2000,2.38504,2.35987,3.26384,2.4106,570.75,536.719,2054.7,1932.19,33.375,14.7812,1.50221e+06,10886.7,10934.3,700,700,-0.232266,-0.0890166,-3.47601,-3.80956,-0.333605,0.545457,0.193213,0.00399241,0.0252905,0.960534,2.53755,301.162,
295,0,0.02,0.0003,57.0713,2000,2.53237,2.50777,3.3582,2.55734,604.625,569.094,2176.65,2048.74,36.1875,16.5312,1.51265e+06,10856.5,10903.8,700,700,-0.258266,-0.088116,-3.46439,-3.75076,-0.286374,0.543958,0.260559,0.00557251,0.0274983,0.982927,2.30634,291.3,
296,0,0.02,0.0003,57.4716,2000,2.51574,2.48953,3.36398,2.54233,595.688,563.188,2144.48,2027.48,34.2188,15.3438,1.57533e+06,10958.4,11005.5,700,700,-0.231688,-0.0876051,-3.46546,-3.74408,-0.278585,0.551944,0.196528,0.00492442,0.0286066,1.06295,2.94347,302.326,
297,0,0.02,0.0003,58.8912,2000,2.62387,2.60037,3.38125,2.64771,622.719,587.688,2241.79,2115.68,34.375,16.3125,1.53202e+06,10930.4,10977.5,700,700,-0.221781,-0.0847869,-3.5172,-3.70272,-0.185491,0.581137,0.182523,0.00473397,0.02715,0.98223,2.78224,293.894,
298,0,0.02,0.0003,58.9753,2000,2.31659,2.28543,3.0706,2.3485,551.531,519.5,1985.51,1870.2,31.5625,14.0312,1.52639e+06,10970.4,11018.3,700,700,-0.213688,-0.0887964,-3.53989,-3.86716,-0.327255,0.583598,0.208743,0.0024132,0.0274173,1.1953,1.90521,308.299,
299,0,0.02,0.0003,60.4981,2000,2.63697,2.60204,3.30099,2.67273,621.969,586.844,2239.09,2112.64,36.1875,16.125,1.509e+06,10902.5,10949.4,700,700,-0.249391,-0.0861989,-3.54505,-3.74045,-0.195414,0.559948,0.230128,0.00494,0.0292542,0.982789,2.52391,304.048,
300,0,0.02,0.0003,54.391,2000,2.42708,2.39573,3.16429,2.45923,572.531,539.906,2061.11,1943.66,33.0625,15.25,1.50971e+06,10892.6,10939.9,700,700,-0.225984,-0.0870619,-3.55719,-3.82954,-0.27241,0.565127,0.191678,0.00497252,0.029221,0.994594,5.20133,277.229,
301,0,0.02,0.0003,56.1505,2000,2.39978,2.36817,3.18913,2.43225,570.062,537.312,2052.23,1934.33,32.8438,15.3438,1.49675e+06,10930.5,10978,700,700,-0.224,-0.0874815,-3.69037,-3.94295,-0.252638,0.59002,0.469377,0.00528801,0.0283367,0.978805,3.23546,287.551,
302,0,0.02,0.0003,55.3946,2000,2.42357,2.39641,3.15925,2.45149,576.969,544.25,2077.09,1959.3,32.4062,15.5,1.52852e+06,10921.6,10969.2,700,700,-0.213969,-0.0874814,-3.66682,-3.91789,-0.251058,0.602703,0.208753,0.00475475,0.0258006,1.07135,3.3151,284.023,
303,0,0.02,0.0003,54.1033,2000,2.5293,2.49792,3.27112,2.5613,599.688,567.344,2158.88,2042.44,34.6562,15.4375,1.52647e+06,10952.2,10999.5,700,700,-0.236172,-0.0888103,-3.77915,-3.98683,-0.207687,0.589556,0.204478,0.00487876,0.026948,1.01952,3.22052,289.751,
304,0,0.02,0.0003,54.1703,2000,2.45505,2.42597,3.23385,2.48467,581.812,550.781,2094.53,1982.81,31.9375,14.125,1.5109e+06,10946.5,10994,700,700,-0.203672,-0.0881303,-3.7422,-3.9688,-0.226618,0.596173,0.364497,0.0050946,0.0267949,1.03743,3.84617,289.388,
305,0,0.02,0.0003,53.6369,2000,2.47095,2.43886,3.24385,2.50364,580.469,546,2089.69,1965.6,34.6875,15.125,1.53492e+06,10942.4,10989.5,700,700,-0.247312,-0.0898397,-3.77471,-4.02057,-0.245857,0.575593,0.209224,0.00397349,0.0261124,1.0551,3.49125,287.746,
306,0,0.02,0.0003,51.6576,2000,2.55825,2.52059,3.32763,2.59686,575.844,546.5,2073.04,1967.4,32.5625,14.5312,1.55169e+06,10972.2,11017.6,700,700,-0.215188,-0.0869986,-3.82767,-3.99344,-0.165808,0.604156,0.140647,0.00142804,0.0271353,1.31741,1.3032,290.662,
307,0,0.02,0.0003,50.1932,2000,2.57033,2.53332,3.39121,2.60827,583.344,555.875,2100.04,2001.15,29.6875,13.3438,1.54825e+06,10933.5,10979,700,700,-0.167375,-0.0846619,-3.82337,-3.95245,-0.129166,0.615773,0.202713,0.00761552,0.0351041,0.995694,2.49867,291.196,
308,0,0.02,0.0003,51.2616,2000,2.75177,2.71476,3.49246,2.78964,625.156,595.469,2250.56,2143.69,33.5625,15.5938,1.54373e+06,10935.2,10980.5,700,700,-0.205703,-0.083297,-3.68571,-3.77563,-0.089962,0.595272,0.170537,0.008303,0.0296502,1.00531,2.66249,311.547,
309,0,0.02,0.0003,51.561,2000,2.70347,2.66836,3.44999,2.73943,618.5,589.031,2226.6,2120.51,33.0938,15.7188,1.56948e+06,10910.7,10956.3,700,700,-0.201891,-0.0845285,-3.59322,-3.73435,-0.141173,0.605647,0.18615,0.00582422,0.0259329,1.02114,2.66081,326.703,
310,0,0.02,0.0003,52.9901,2000,2.68329,2.64235,3.41554,2.72524,615.344,588.312,2215.24,2117.93,28.7812,12.3125,1.51939e+06,10934.3,10980.1,700,700,-0.137563,-0.0832231,-3.63309,-3.75131,-0.118247,0.634304,0.154112,0.00623847,0.0264849,1.01668,3.25809,303.632,
311,0,0.02,0.0003,51.0279,2000,2.56079,2.51934,3.37411,2.60336,585.25,555.781,2106.9,2000.81,31.8125,14,1.51627e+06,10912.7,10958.2,700,700,-0.199297,-0.0870036,-3.65348,-3.85207,-0.198665,0.620117,0.186505,0.00585511,0.0271381,1.03936,2.28984,314.908,
312,0,0.02,0.0003,51.8733,2000,2.61208,2.57414,3.37026,2.65096,598.875,570.188,2155.95,2052.68,30.9688,13.875,1.53476e+06,10922.8,10968.6,700,700,-0.179437,-0.0845778,-3.60212,-3.77689,-0.174849,0.617275,0.470557,0.00663396,0.0268162,1.04203,5.49153,299.574,
313,0,0.02,0.0003,51.3182,2000,2.68911,2.65238,3.3998,2.72666,614.344,584.5,2211.64,2104.2,33.875,15.3125,1.5556e+06,10858,10903.5,700,700,-0.215875,-0.0853979,-3.57705,-3.73944,-0.162338,0.603576,0.189827,0.00525323,0.0256971,1.04592,3.39834,321.239,
314,0,0.02,0.0003,52.2583,2000,2.59419,2.55819,3.36936,2.6312,586.312,560.375,2110.72,2017.35,29.9688,14.625,1.60786e+06,10940.7,10986.2,700,700,-0.169344,-0.0831556,-3.70596,-3.83526,-0.129324,0.627739,0.196499,0.00449375,0.0261912,1.06969,2.88338,308.903,
315,0,0.02,0.0003,56.1437,2000,2.56865,2.53527,3.33774,2.60295,583.812,558.062,2101.72,2009.03,29.0312,14.4688,1.56519e+06,10863.4,10909.2,700,700,-0.156438,-0.0826351,-3.67849,-3.81708,-0.138619,0.624875,0.184912,0.00191187,0.0244993,1.25973,1.01905,317.911,
316,0,0.02,0.0003,51.0574,2000,2.65669,2.6142,3.47139,2.70055,583.156,558.781,2099.36,2011.61,28.375,14.2188,1.58058e+06,10919.2,10963.3,700,700,-0.146234,-0.079084,-3.68525,-3.74266,-0.0574219,0.624861,0.194876,0.00770547,0.039225,1.00731,2.72162,287.794,
317,0,0.02,0.0003,52.9917,2000,2.61842,2.58278,3.40535,2.655,604.969,577.594,2177.89,2079.34,29.4062,14.0938,1.53715e+06,10964.3,11010.4,700,700,-0.152297,-0.082589,-3.6421,-3.76639,-0.124331,0.617888,0.200862,0.00603378,0.0300241,1.02016,3.19578,284.079,
318,0,0.02,0.0003,53.0624,2000,2.64687,2.61281,3.38812,2.68171,605.25,579.312,2178.9,2085.53,29.6562,14,1.57584e+06,10860.3,10906.2,700,700,-0.155187,-0.0819251,-3.58435,-3.70877,-0.124419,0.606891,0.475803,0.00580789,0.0245574,1.02064,2.78978,292.053,
319,0,0.02,0.0003,51.3952,2000,2.55924,2.52311,3.38312,2.59624,591.344,561.906,2128.84,2022.86,30.75,13.9062,1.54299e+06,10891,10937,700,700,-0.180297,-0.0858894,-3.53288,-3.75359,-0.220766,0.600059,0.192548,0.00445479,0.0245001,1.03701,2.17967,296.959,
320,0,0.02,0.0003,51.2617,2000,2.53284,2.49318,3.38328,2.5734,591.406,558.906,2129.06,2012.06,34,14.7188,1.51472e+06,10958,11004.3,700,700,-0.230547,-0.0894795,-3.54229,-3.82629,-0.28406,0.57921,0.191608,0.00565255,0.0251145,1.08153,4.29734,278.829,
321,0,0.02,0.0003,51.5507,2000,2.43608,2.39921,3.26845,2.47383,563.719,534.031,2029.39,1922.51,30.0312,13.2812,1.53873e+06,10912.9,10959.3,700,700,-0.183453,-0.0883287,-3.71577,-3.96598,-0.2502,0.629618,0.182624,0.00457545,0.0241022,1.31085,0.843085,301.347,
322,0,0.02,0.0003,50.2754,2000,2.52896,2.48932,3.34155,2.56961,581,552.031,2091.6,1987.31,30.5312,13.375,1.51738e+06,10958,11003.9,700,700,-0.181953,-0.0870841,-3.84223,-4.01657,-0.174369,0.624704,0.182351,0.00714039,0.0299665,1.01621,3.09695,293.838,
323,0,0.02,0.0003,50.0392,2000,2.63303,2.59875,3.41406,2.66819,598.406,571.375,2154.26,2056.95,29.0312,14.0625,1.53103e+06,10947.1,10992.6,700,700,-0.149781,-0.0826526,-3.72901,-3.82633,-0.0972889,0.640917,0.225369,0.00478976,0.0290416,1.01587,2.83575,307.087,
324,0,0.02,0.0003,51.0254,2000,2.52591,2.49113,3.34292,2.56158,577.469,548.5,2078.89,1974.6,31.5625,14.3438,1.55301e+06,10946.1,10992.1,700,700,-0.199188,-0.0862239,-3.68414,-3.88126,-0.197111,0.62481,0.189115,0.000830496,0.0240582,1.24356,1.74798,300.312,
325,0,0.02,0.0003,50.8675,2000,2.57596,2.54171,3.40611,2.61097,590.594,558.688,2126.14,2011.27,33.25,15.1875,1.54805e+06,10938.8,10984.6,700,700,-0.219406,-0.0854072,-3.71615,-3.88093,-0.164782,0.60676,0.196985,0.00670359,0.0281505,1.00262,2.89972,305.028,
326,0,0.02,0.0003,51.5214,2000,2.54354,2.51513,3.37751,2.57257,590.25,560.75,2124.9,2018.7,31.2188,15.2812,1.52069e+06,10967.6,11013.9,700,700,-0.187906,-0.0852962,-3.74205,-3.89907,-0.157092,0.635714,0.198567,0.00431694,0.025078,1.01264,3.69569,303.466,
327,0,0.02,0.0003,51.1842,2000,2.62904,2.5939,3.44192,2.6649,607.875,577.031,2188.35,2077.31,33.8438,14.4375,1.52329e+06,10934.3,10980.4,700,700,-0.219141,-0.0862455,-3.7808,-3.91784,-0.136988,0.607193,0.243347,0.00454889,0.0270589,0.983899,3.67009,279.58,
328,0,0.02,0.0003,51.8956,2000,2.53604,2.49832,3.35833,2.57446,598.938,563.969,2156.18,2030.29,36.3438,14.75,1.52703e+06,10935.6,10982.3,700,700,-0.263172,-0.090573,-3.72703,-3.98,-0.253015,0.596156,0.192096,0.00610979,0.0262844,1.0143,4.08232,298.713,
329,0,0.02,0.0003,52.4557,2000,2.4293,2.39375,3.30219,2.46553,574.375,540.188,2067.75,1944.68,36.0625,15.4375,1.53867e+06,10993,11040,700,700,-0.270844,-0.0928202,-3.89934,-4.17749,-0.278169,0.627232,0.188453,0.00446976,0.0266923,1.03327,3.03137,299.533,
330,0,0.02,0.0003,51.11,2000,2.47605,2.44378,3.31934,2.50893,582.219,549.125,2095.99,1976.85,35.1562,15.375,1.50191e+06,10927.4,10974.2,700,700,-0.252781,-0.089242,-3.92898,-4.13745,-0.208485,0.633226,0.247108,0.007131,0.0256133,0.998738,3.38013,295.456,
331,0,0.02,0.0003,54.7927,2000,2.35099,2.3153,3.29698,2.38766,544.031,518.625,1958.51,1867.05,27.125,12.4062,1.54512e+06,10938.6,10984.9,700,700,-0.147562,-0.0876691,-4.00169,-4.2014,-0.199713,0.684968,0.209049,0.00518627,0.0247232,1.07435,2.37768,284.436,
332,0,0.02,0.0003,50.3609,2000,2.62428,2.59046,3.40688,2.65883,609.094,577.125,2192.74,2077.65,32.4688,15.25,1.53444e+06,10875.5,10921.5,700,700,-0.198469,-0.0856873,-3.91194,-4.01234,-0.100379,0.644976,0.230854,0.00548918,0.0270387,1.04599,3.36423,287.086,
333,0,0.02,0.0003,50.7172,2000,2.54109,2.51163,3.34684,2.57113,592.219,562.844,2131.99,2026.24,32.3125,15.0625,1.54419e+06,10957.7,11004.4,700,700,-0.203266,-0.0869347,-3.82586,-3.98369,-0.157841,0.642635,0.197001,0.00498111,0.0258872,1.04136,2.29943,273.418,
334,0,0.02,0.0003,49.1695,2000,2.7619,2.72993,3.49834,2.79457,623.719,594.875,2245.39,2141.55,33.6562,16.5938,1.57838e+06,10908.3,10953.4,700,700,-0.207406,-0.082677,-3.63769,-3.71743,-0.0796686,0.621898,0.185373,0.00463855,0.0258111,1.08644,4.00205,286.17,
335,0,0.02,0.0003,49.4655,2000,2.70397,2.66873,3.45644,2.74002,613.031,586.594,2206.91,2111.74,30.875,14.7188,1.56066e+06,10874.6,10919.9,700,700,-0.169828,-0.0831028,-3.67344,-3.77663,-0.103182,0.641103,0.178482,0.00464642,0.0276098,1.20304,1.72024,294.314,
336,0,0.02,0.0003,50.8447,2000,2.44833,2.4125,3.30881,2.48511,560.969,535.719,2019.49,1928.59,28.4062,13.0938,1.56033e+06,10964.7,11010.9,700,700,-0.158234,-0.0869438,-3.73536,-3.952,-0.216679,0.633206,0.190349,0.00374155,0.0279075,1.12297,1.60834,280.715,
337,0,0.02,0.0003,50.2471,2000,2.66574,2.63417,3.49566,2.69795,611.844,582.938,2202.64,2098.57,32.75,15.4062,1.55796e+06,10917.9,10963.5,700,700,-0.199781,-0.0850354,-3.53368,-3.70997,-0.176235,0.604639,0.186184,0.00403019,0.0249688,1.0457,3.60833,294.578,
338,0,0.02,0.0003,51.0205,2000,2.36039,2.32642,3.28236,2.39521,537.406,511.094,1934.66,1839.94,27.9062,12.7812,1.54723e+06,10933,10979.1,700,700,-0.163047,-0.0864116,-3.69146,-3.9454,-0.254052,0.639531,0.183563,0.00520523,0.0238502,1.06391,3.75093,273.554,
339,0,0.02,0.0003,51.7842,2000,2.36007,2.32821,3.28284,2.39268,544.344,515.344,1959.64,1855.24,30.4688,13.4375,1.57955e+06,10959.9,11006.4,700,700,-0.199359,-0.0878099,-3.71335,-3.97536,-0.262026,0.645853,0.190156,0.00495709,0.0259395,1.0405,3.84561,293.739,
340,0,0.02,0.0003,53.5907,2000,2.55346,2.52076,3.40257,2.58683,585.031,553.875,2106.11,1993.95,31.0625,13.8438,1.52484e+06,10886.5,10932.3,700,700,-0.189,-0.0844254,-3.64435,-3.83093,-0.186679,0.624375,0.218873,0.00445273,0.0270392,0.989127,3.70434,287.523,
341,0,0.02,0.0003,51.9663,2000,2.50074,2.46817,3.33929,2.53404,566.375,538.562,2038.95,1938.82,31.375,14.25,1.57205e+06,10895.2,10940.9,700,700,-0.201344,-0.0856579,-3.54552,-3.78863,-0.243062,0.615234,0.412761,0.00530751,0.0246717,1.01387,4.52071,290.779,
342,0,0.02,0.0003,50.993,2000,2.75432,2.71919,3.5612,2.79027,616.125,586.688,2218.05,2112.07,33.4688,15.875,1.60631e+06,10938.8,10983.4,700,700,-0.208687,-0.0817534,-3.46155,-3.60484,-0.143226,0.602835,0.203262,0.0048631,0.0238724,1.04459,4.0069,291.866,
343,0,0.02,0.0003,54.4667,2000,2.34412,2.30489,3.27065,2.38433,535.969,506.094,1929.49,1821.94,32.6562,13.7812,1.55416e+06,10926.5,10972.4,700,700,-0.236797,-0.0916506,-3.67359,-4.02427,-0.350636,0.617582,0.184372,0.00450623,0.0240626,1.08463,3.30817,295.832,
344,0,0.02,0.0003,55.1183,2000,2.42557,2.3915,3.29765,2.46034,561.125,533,2020.05,1918.8,31.625,13.875,1.56374e+06,10860.9,10907.4,700,700,-0.207875,-0.089759,-3.64051,-3.93577,-0.295216,0.619935,0.270895,0.00380268,0.0256358,1.06772,3.63935,291.975,
345,0,0.02,0.0003,56.4605,2000,2.52227,2.48317,3.29222,2.56253,590.75,563.25,2126.7,2027.7,29.2188,13.5625,1.53689e+06,10989.8,11036.5,700,700,-0.156656,-0.0869706,-3.59564,-3.83174,-0.236188,0.660409,0.18473,0.0047453,0.0246923,1.10054,2.84577,286.898,
346,0,0.02,0.0003,57.0372,2000,2.44333,2.40829,3.23684,2.47928,576.125,545.875,2074.05,1965.15,30.9375,13.8438,1.53138e+06,10936,10983.1,700,700,-0.191125,-0.0886149,-3.70811,-3.96543,-0.257349,0.64823,0.271887,0.0044539,0.0238103,1.07505,3.42709,293.552,
347,0,0.02,0.0003,54.6688,2000,2.56425,2.5306,3.31523,2.59856,606.125,574.875,2182.05,2069.55,34.5938,15.0938,1.54446e+06,10923.6,10970.7,700,700,-0.231469,-0.0896722,-3.63732,-3.88357,-0.246219,0.638156,0.216702,0.00448686,0.0220621,1.12004,3.734,310.463,
348,0,0.02,0.0003,55.5689,2000,2.52635,2.49607,3.29031,2.55719,599.875,565.375,2159.55,2035.35,35.5938,16.4375,1.54252e+06,10913.9,10961.2,700,700,-0.251219,-0.089897,-3.78489,-4.01565,-0.230822,0.642388,0.249368,0.00274727,0.0227323,1.08461,3.29348,325.811,
349,0,0.02,0.0003,56.1874,2000,2.53001,2.50139,3.22402,2.55915,597.938,561.719,2152.57,2022.19,35.6562,16.5,1.54922e+06,10954.5,11001.7,700,700,-0.253984,-0.0892016,-3.7436,-3.97153,-0.227918,0.630128,0.195778,0.00358048,0.0229892,1.07417,2.25357,297.712,
350,0,0.02,0.0003,54.4033,2000,2.69694,2.66942,3.40808,2.72487,635.156,600.625,2286.56,2162.25,35.1875,15.8125,1.51036e+06,10945.7,10992.4,700,700,-0.2275,-0.0866395,-3.62269,-3.78612,-0.16342,0.618985,0.195656,0.00298979,0.0219652,1.08011,3.51727,291.352,
351,0,0.02,0.0003,55.4464,2000,2.56503,2.5344,3.29326,2.5963,606,570.062,2181.6,2052.23,35.1875,16.6562,1.50392e+06,10958.3,11005.2,700,700,-0.242781,-0.0883927,-3.68707,-3.90613,-0.219108,0.628637,0.19418,0.00313135,0.0238927,1.09124,2.60697,290.116,
352,0,0.02,0.0003,54.2595,2000,2.49849,2.47265,3.25363,2.52489,590.844,560.125,2127.04,2016.45,31.625,15.6875,1.53275e+06,10917.2,10964.6,700,700,-0.194312,-0.086983,-3.60022,-3.83466,-0.234513,0.634183,0.603899,0.00235592,0.0224197,1.10088,4.50128,296.301,
353,0,0.02,0.0003,53.4362,2000,2.51701,2.48607,3.34503,2.5486,597.219,566.031,2149.99,2037.71,31.5625,14.4375,1.51201e+06,10873.5,10920.7,700,700,-0.190422,-0.0893595,-3.59448,-3.86646,-0.272035,0.635343,0.220397,0.00393189,0.0222224,1.15274,2.81662,344.906,
354,0,0.02,0.0003,57.4792,2000,2.41193,2.38073,3.24615,2.44373,570.562,541.062,2054.03,1947.83,31.9062,14.3438,1.53086e+06,10946.3,10993.7,700,700,-0.208062,-0.0908521,-3.68951,-3.98393,-0.294438,0.628523,0.178752,0.00385177,0.0248605,1.08643,2.11004,361.884,
355,0,0.02,0.0003,60.5422,2000,2.28115,2.25026,3.16499,2.31268,545.875,517.188,1965.15,1861.88,30.4375,13.5312,1.55029e+06,10933.9,10981.8,700,700,-0.197969,-0.0924699,-3.81942,-4.14693,-0.327513,0.681455,0.243349,0.00540609,0.0255567,1.09929,4.28012,294.044,
356,0,0.02,0.0003,58.603,2000,2.20118,2.1663,3.20347,2.23693,533.719,502.125,1921.39,1807.65,30.8125,13.3438,1.52795e+06,10898.1,10946.1,700,700,-0.211125,-0.0977759,-4.10348,-4.47228,-0.36885,0.712659,0.261531,0.0055158,0.0230164,1.11851,2.99417,291.389,
357,0,0.02,0.0003,59.2244,2000,2.26673,2.23808,3.21433,2.29599,548.438,520.406,1974.38,1873.46,27.75,12.5625,1.52515e+06,10962.5,11010.7,700,700,-0.156047,-0.0932899,-4.11411,-4.38622,-0.272163,0.730622,0.355931,0.00482102,0.0236673,1.12068,2.0536,295.463,
358,0,0.02,0.0003,58.6242,2000,2.31223,2.28305,3.19254,2.34199,558.406,525,2010.26,1890,32.0625,14.0938,1.51802e+06,10918.1,10966.1,700,700,-0.218438,-0.0930877,-4.11256,-4.36564,-0.253156,0.670989,0.191299,0.00487546,0.0224116,1.12188,3.35389,293.216,
359,0,0.02,0.0003,53.9256,2000,2.49465,2.46324,3.30555,2.52666,592,561.125,2131.2,2020.05,33.5312,15.125,1.52437e+06,10967.4,11014.7,700,700,-0.222406,-0.0910387,-4.09548,-4.25951,-0.164025,0.682719,0.188921,0.00327006,0.0225255,1.13015,3.80208,281.458,
360,0,0.02,0.0003,56.5522,2000,2.34347,2.31578,3.18517,2.3717,565.688,532.531,2036.47,1917.11,32.4062,15.0312,1.51504e+06,10889.9,10937.9,700,700,-0.219828,-0.092571,-4.04294,-4.29424,-0.251373,0.695876,0.379133,0.00315438,0.0216236,1.139,2.39219,282.11,
361,0,0.02,0.0003,56.928,2000,2.43192,2.40827,3.26292,2.45597,586.438,554.688,2111.18,1996.88,33.75,15.7812,1.54987e+06,10934.5,10982.4,700,700,-0.228906,-0.092488,-4.01257,-4.23697,-0.224313,0.680485,0.608306,0.00325979,0.023387,1.14457,2.67255,285.949,
362,0,0.02,0.0003,55.8324,2000,2.39924,2.36965,3.20624,2.4294,571.875,541.281,2058.75,1948.61,31.4375,14.0312,1.53691e+06,10891.9,10939.6,700,700,-0.200922,-0.0904403,-4.07162,-4.25834,-0.186694,0.670738,0.545051,0.00359153,0.0249873,1.14115,3.83159,283.172,
363,0,0.02,0.0003,54.8267,2000,2.32827,2.29764,3.20935,2.35949,564.344,531.531,2031.64,1913.51,31.5938,13.7812,1.52589e+06,10873,10921,700,700,-0.208141,-0.0938939,-4.14714,-4.39137,-0.244218,0.710585,0.189394,0.00406289,0.0219441,1.15988,3.07063,280.436,
364,0,0.02,0.0003,57.6813,2000,2.20874,2.18243,3.1326,2.23557,532.469,505.906,1916.89,1821.26,27.9062,12.5312,1.54763e+06,10971.7,11019.9,700,700,-0.165641,-0.0935126,-4.26344,-4.50744,-0.243989,0.72761,0.295971,0.00487855,0.0225,1.16378,2.71935,291.218,
365,0,0.02,0.0001,60.6432,2000,2.15763,2.13054,3.11311,2.1853,524.562,497.312,1888.43,1790.33,26.375,11.875,1.52e+06,10989.9,11038.4,700,700,-0.146969,-0.0934045,-4.32601,-4.58144,-0.255511,0.747447,0.153877,0.00293191,0.0166925,1.18514,2.85025,292.493,
366,0,0.02,0.0001,59.0999,2000,2.20318,2.173,3.14369,2.23404,537.531,507.594,1935.11,1827.34,29.8125,12.9062,1.52464e+06,10899.9,10948.4,700,700,-0.193391,-0.094776,-4.28421,-4.55541,-0.271263,0.708021,0.274634,0.00277918,0.0158895,1.16169,2.84485,288.329,
367,0,0.02,0.0001,60.0674,2000,2.09814,2.07136,3.02976,2.12543,510.594,484.656,1838.14,1744.76,27.1875,12.1562,1.54946e+06,10950.4,10999.2,700,700,-0.165484,-0.0945376,-4.3789,-4.65166,-0.272699,0.736909,0.247858,0.000982714,0.0163682,1.36268,1.1749,285.19,
368,0,0.02,0.0001,58.8782,2000,2.24506,2.21084,3.18837,2.28003,543.812,516.562,1957.73,1859.62,28.8438,11.9375,1.52511e+06,10964.5,11012.7,700,700,-0.174375,-0.0938473,-4.46442,-4.66015,-0.195862,0.733949,0.329959,0.0040256,0.0191821,1.11547,1.59589,285.034,
369,0,0.02,0.0001,60.226,2000,2.04894,2.0209,3.05085,2.07755,502.438,471.562,1808.78,1697.62,31.75,13.8438,1.53034e+06,10998.4,11047.2,700,700,-0.240469,-0.0977512,-4.46915,-4.77827,-0.309117,0.725186,0.336996,0.00327032,0.0171122,1.10711,2.67225,286.901,
370,0,0.02,0.0001,63.6284,2000,2.12034,2.09586,3.14148,2.14524,519.125,491.094,1868.85,1767.94,28.8125,12.7812,1.53009e+06,10959.9,11008.6,700,700,-0.186641,-0.0944905,-4.45646,-4.69777,-0.241376,0.755956,1.68693,0.00235505,0.0170326,1.1175,2.41823,294.949,
371,0,0.02,0.0001,62.0459,2000,2.00586,1.97867,3.0406,2.03355,495.188,465.281,1782.67,1675.01,28.8438,11.8438,1.53903e+06,10943.1,10992.1,700,700,-0.200016,-0.0968238,-4.53531,-4.83735,-0.302081,0.745906,0.291588,0.00485911,0.0175522,1.39599,0.667013,290.788,
372,0,0.02,0.0001,65.9818,2000,1.85147,1.82865,2.91505,1.87476,463.812,434.594,1669.72,1564.54,27,11.75,1.49847e+06,11018.7,11068.5,700,700,-0.187703,-0.0969162,-4.81375,-5.09833,-0.28472,0.757567,0.227723,0.00349192,0.0182024,1.09895,2.18595,334.946,
373,0,0.02,0.0001,64.9462,2000,1.75792,1.735,2.8852,1.78137,445.844,416,1605.04,1497.6,27.0312,12.0938,1.50045e+06,10959.5,11009.5,700,700,-0.197469,-0.0979245,-4.93939,-5.25308,-0.31379,0.769763,0.563357,0.0026203,0.0176274,1.15125,2.31571,291.756,
374,0,0.02,0.0001,67.1306,2000,1.37314,1.35716,2.53647,1.38951,352.469,330.781,1268.89,1190.81,18.5312,8.125,1.56103e+06,11010.7,11061.8,700,700,-0.112578,-0.0975531,-5.32648,-5.68248,-0.355971,0.819052,0.335885,0.00346473,0.0180421,1.26059,1.23127,294.072,
375,0,0.02,0.0001,70.0032,2000,0.845524,0.834528,2.06761,0.857022,226.469,208.219,815.287,749.587,13.8125,6.21875,1.57515e+06,11060.2,11112.6,700,700,-0.103078,-0.102029,-5.9094,-6.39568,-0.486512,0.849547,1.00657,0.000821932,0.0140276,1.24138,2.09847,301.722,
376,0,0.02,0.0001,73.738,2000,0.632517,0.626036,1.77094,0.639464,171.688,158.594,618.075,570.938,8.3125,4.0625,1.59162e+06,11135.5,11188.4,700,700,-0.0453906,-0.101785,-6.18244,-6.68425,-0.502013,0.87435,0.470859,0.000422003,0.0148919,1.28449,1.59539,296.503,
377,0,0.02,0.0001,74.378,2000,0.737517,0.730522,1.96092,0.744839,200.719,184,722.588,662.4,10.7188,5.34375,1.56156e+06,11033.4,11086,700,700,-0.0687813,-0.101735,-6.13965,-6.61452,-0.475153,0.853868,0.15597,0.000411029,0.0132442,1.30713,1.22605,298.951,
378,0,0.02,0.0001,71.3894,2000,0.549833,0.543279,1.55548,0.556689,150.406,136.656,541.462,491.963,7.375,3.6875,1.59329e+06,11115,11168.2,700,700,-0.0422969,-0.101849,-6.51196,-6.97486,-0.463128,0.872613,0.155357,0.000591531,0.0135961,1.34042,0.893994,291.43,
379,0,0.02,0.0001,72.9728,2000,0.378678,0.37296,1.39604,0.384656,107.656,96.7188,387.562,348.188,4.71875,2.21875,1.60452e+06,11115.6,11169.1,700,700,-0.0224219,-0.104122,-6.89635,-7.38373,-0.487555,0.885663,0.403531,9.01098e-05,0.0146089,1.33358,0.30497,295.529,
380,0,0.02,0.0001,52.7571,2000,2.53733,2.51066,3.09863,2.56465,613.125,576.125,2207.25,2074.05,37.3125,18.7812,1.46057e+06,10984.1,11032.3,700,700,-0.271625,-0.0878004,-4.04138,-4.15033,-0.108998,0.635088,0.20388,0.00832475,0.0520575,0.967321,3.62639,264.557,
381,0,0.02,0.0003,53.37,2000,2.48423,2.45071,3.10143,2.5187,599.188,566.125,2157.07,2038.05,33.5312,16.3438,1.46041e+06,10949.1,10997.2,700,700,-0.219906,-0.0881569,-3.95281,-4.10533,-0.152467,0.643502,0.245729,0.00647575,0.0287749,1.00553,3.56383,277.684,
382,0,0.02,0.0003,52.6981,2000,2.58143,2.54433,3.19625,2.61958,620.344,586.344,2233.24,2110.84,34.625,16.5,1.45666e+06,10883.4,10931.1,700,700,-0.226203,-0.0889376,-3.82763,-3.99909,-0.171506,0.629808,0.202202,0.00470964,0.0260059,1.02813,3.13394,278.476,
383,0,0.02,0.0003,53.1392,2000,2.52273,2.48511,3.16466,2.5613,609.375,577.312,2193.75,2078.32,31.875,14.3125,1.45179e+06,10980.1,11028.1,700,700,-0.189469,-0.0898923,-3.90671,-4.08274,-0.17604,0.651925,0.200178,0.0037422,0.0240845,1.05285,2.08397,251.945,
384,0,0.02,0.0003,53.8823,2000,2.34479,2.31507,3.03907,2.37519,573.406,537.719,2064.26,1935.79,33.6875,15.4688,1.4636e+06,10932.3,10981.1,700,700,-0.236453,-0.0919974,-3.95062,-4.20409,-0.253564,0.623762,0.199805,0.00479866,0.0234074,1.04532,3.54617,266.682,
385,0,0.02,0.0003,54.8195,2000,2.09874,2.06849,2.99344,2.12974,517.125,486.438,1861.65,1751.18,31.375,13.9375,1.5214e+06,10996.6,11045.7,700,700,-0.227406,-0.0951453,-4.10789,-4.45451,-0.346589,0.679554,0.20486,0.00320234,0.0223902,1.11738,2.62195,268.172,
386,0,0.02,0.0003,57.2568,2000,1.52612,1.50656,2.67564,1.54616,388.906,363.531,1400.06,1308.71,22.375,9.9375,1.54257e+06,10973.3,11023.7,700,700,-0.153859,-0.0992109,-4.59132,-5.08237,-0.491123,0.772556,0.208878,0.00321037,0.0222029,1.12692,2.73686,269.273,
387,0,0.02,0.0003,60.151,2000,1.08383,1.06859,2.12613,1.09946,281.688,262.344,1014.08,944.438,15,6.625,1.55013e+06,11055.4,11107.4,700,700,-0.0938281,-0.100665,-4.9769,-5.54706,-0.570333,0.82088,0.213073,0.00210146,0.0218906,1.21519,1.68399,271.338,
388,0,0.02,0.0003,60.185,2000,0.943214,0.933972,1.94632,0.952785,247.719,226.219,891.788,814.388,14.9062,7.25,1.53483e+06,11050.9,11103.1,700,700,-0.110484,-0.100771,-5.25835,-5.82509,-0.567037,0.808832,0.209718,0.001175,0.0204323,1.28086,0.982302,261.185,
389,0,0.02,0.0003,58.3972,2000,1.19139,1.17986,2.331,1.20343,304.344,283.5,1095.64,1020.6,17.1562,8.5,1.5456e+06,11008,11059,700,700,-0.115594,-0.0988236,-5.07708,-5.56632,-0.489389,0.805883,0.152423,0.00768404,0.0389613,1.2583,0.585448,276.14,
390,0,0.02,0.0003,50.8055,2000,2.69558,2.65538,3.25725,2.73699,623.875,594.719,2245.95,2140.99,33.5,16.3125,1.52587e+06,10900.2,10946.4,700,700,-0.205141,-0.083513,-3.99064,-4.00983,-0.0192491,0.648277,0.321297,0.00750324,0.0368349,0.920268,3.18837,255.631,
391,0,0.02,0.0003,51.9158,2000,2.4666,2.42931,3.09715,2.50502,576.25,543.844,2074.5,1957.84,31.4688,14.5938,1.48716e+06,10920.9,10967.7,700,700,-0.200109,-0.0858569,-4.04881,-4.1609,-0.112104,0.650929,0.209068,0.00771505,0.0496567,0.947104,2.59325,268.623,
392,0,0.02,0.0003,52.7389,2000,2.44652,2.38187,2.82794,2.5148,586.062,553.969,2109.82,1994.29,31.1562,14.375,1.46949e+06,10877,10924.7,700,700,-0.190359,-0.0870723,-3.80568,-3.9922,-0.186505,0.660604,0.202691,0.00659535,0.0369196,1.04404,2.03566,278.713,
393,0,0.02,0.0003,53.465,2000,2.25934,2.2079,2.75986,2.31334,538.531,509.875,1938.71,1835.55,30.1562,14.4062,1.50279e+06,10990.6,11038.6,700,700,-0.197406,-0.0894091,-3.99123,-4.22408,-0.232879,0.664251,0.260688,0.00470415,0.0296922,1.07511,2.57949,266.445,
394,0,0.02,0.0003,52.3494,2000,2.53395,2.47578,2.92662,2.59466,600.812,567.5,2162.92,2043,34.3438,15.0312,1.48725e+06,10894.9,10942.2,700,700,-0.231406,-0.0889395,-3.86744,-4.04177,-0.17435,0.617493,0.197898,0.00451159,0.0257298,1.08258,2.92213,281.996,
395,0,0.02,0.0003,52.6431,2000,2.57227,2.52838,3.03545,2.61767,613.094,576.625,2207.14,2075.85,37.625,17.6875,1.47202e+06,10956.1,11003.5,700,700,-0.276062,-0.0907473,-3.87334,-4.05466,-0.181292,0.609846,0.123997,0.00487452,0.0233911,1.08019,3.20162,260.705,
396,0,0.02,0.0003,52.4265,2000,2.62788,2.58185,3.10523,2.67531,624.844,588.375,2249.44,2118.15,37.2188,16.3125,1.48402e+06,10913.7,10961,700,700,-0.264094,-0.0899135,-3.79832,-3.97688,-0.178575,0.585028,0.196828,0.00407683,0.0241896,1.05744,3.71903,268.55,
397,0,0.02,0.0003,52.9526,2000,2.43044,2.39154,3.04325,2.47064,574.219,542.656,2067.19,1953.56,32.9688,15.5625,1.48549e+06,10932.6,10979.9,700,700,-0.223203,-0.0893324,-3.91087,-4.1183,-0.207435,0.630082,0.204475,0.00313625,0.0268489,1.23482,1.6073,265.297,
398,0,0.02,0.0003,58.9946,2000,2.48184,2.44053,3.11722,2.52443,577.688,545.719,2079.68,1964.59,32.7812,14.9375,1.48663e+06,11004.2,11050.7,700,700,-0.218859,-0.0883228,-4.01387,-4.16291,-0.149007,0.624258,0.20382,0.005501,0.028218,1.02112,2.94289,275.384,
399,0,0.02,0.0003,55.9185,2000,2.50439,2.46251,3.14756,2.54755,586.312,554.188,2110.73,1995.08,33.3125,15.2188,1.47452e+06,10964.4,11010.9,700,700,-0.222594,-0.0904347,-3.99725,-4.16946,-0.17222,0.6296,0.211104,0.00554706,0.0251811,1.02995,2.7852,276.066,
400,0,0.02,0.0001,53.1349,2000,2.49812,2.45954,3.1544,2.53788,584.656,555.906,2104.76,2001.26,30.6875,14.7188,1.48738e+06,10916.2,10963,700,700,-0.182359,-0.0875268,-3.95935,-4.10781,-0.148504,0.647112,0.26643,0.00333155,0.0182001,1.0194,2.50125,253.281,
401,0,0.02,0.0001,54.5127,2000,2.32143,2.28573,3.05234,2.35812,546.594,517.188,1967.74,1861.88,31.2812,14.6875,1.52637e+06,10904.5,10951.7,700,700,-0.210625,-0.0913114,-3.99758,-4.24503,-0.247473,0.629599,0.255225,0.0052746,0.017387,1.07087,2.04623,277.496,
402,0,0.02,0.0001,54.1161,2000,2.51994,2.4837,3.177,2.5571,592.656,558.812,2133.56,2011.73,34.5625,16,1.49796e+06,10886.5,10933.2,700,700,-0.239031,-0.0890079,-3.91861,-4.08523,-0.166666,0.619686,0.127933,0.00205827,0.0174457,1.00312,3.45057,268.013,
403,0,0.02,0.0001,55.0265,2000,2.48403,2.44757,3.11705,2.52154,584.781,552.969,2105.21,1990.69,31.7812,15.0312,1.50512e+06,10872.2,10919.2,700,700,-0.200234,-0.0880902,-3.87886,-4.04995,-0.171075,0.636021,0.132766,0.00149872,0.0167324,1.08466,2.99775,295.566,
404,0,0.02,0.0001,57.3185,2000,2.61652,2.57628,3.19979,2.65783,617.719,585.219,2223.79,2106.79,35.0312,15.4062,1.48868e+06,10939.6,10986.5,700,700,-0.232859,-0.0886029,-3.79812,-3.957,-0.158839,0.60626,0.135481,0.00162628,0.0161949,1.00599,2.30021,314.985,
405,0,0.02,0.0001,56.5358,2000,2.45951,2.42447,3.0821,2.49547,579.438,544.75,2085.98,1961.1,35.7188,16.9062,1.5046e+06,10934.8,10982,700,700,-0.263406,-0.0898613,-3.88863,-4.09544,-0.206819,0.60112,0.380329,0.00163735,0.0170833,0.988263,3.9962,276.385,
406,0,0.02,0.0001,57.2546,2000,2.35984,2.32245,3.01229,2.39828,562.25,530.625,2024.1,1910.25,31.4688,13.875,1.4767e+06,10890.6,10938.4,700,700,-0.206719,-0.0898774,-3.87119,-4.1214,-0.250295,0.617634,0.365063,0.00257058,0.0162171,1.00122,3.51505,271.285,
407,0,0.02,0.0001,56.7171,2000,2.25176,2.21348,2.89804,2.29115,534.688,505.031,1924.88,1818.11,29.5,12.8125,1.50603e+06,10921.8,10969.8,700,700,-0.189984,-0.090429,-3.91723,-4.19575,-0.278592,0.630006,0.2149,0.00300262,0.0165947,1.0069,3.53934,256.727,
408,0,0.02,0.0001,53.7882,2000,2.4732,2.43261,3.14286,2.5151,576.062,544.5,2073.82,1960.2,31.2812,14.5,1.46253e+06,10919.5,10966,700,700,-0.196969,-0.0876094,-3.88917,-4.06667,-0.177578,0.643765,0.161983,0.00332187,0.0171542,1.0145,3.29256,280.003,
409,0,0.02,0.0001,50.8707,2000,2.61124,2.57155,3.20831,2.65208,605.156,573.375,2178.56,2064.15,34.25,16.2188,1.4953e+06,10949.8,10996,700,700,-0.227063,-0.087039,-3.82943,-3.9694,-0.139934,0.636881,0.19688,0.00309114,0.0164448,1.01413,3.55171,273.837,
410,0,0.02,0.0001,53.0573,2000,2.35666,2.31544,3.04667,2.3991,553.094,521.531,1991.14,1877.51,33.5312,14.6562,1.52442e+06,10911.5,10958.5,700,700,-0.242203,-0.0912098,-3.99447,-4.23384,-0.239383,0.643437,0.203545,0.00456102,0.0174082,1.03578,3.67212,283.37,
411,0,0.02,0.0001,53.469,2000,2.41459,2.37064,3.14574,2.45983,563.312,532.938,2027.93,1918.58,31.9688,13.25,1.49865e+06,10949.4,10995.8,700,700,-0.213062,-0.0912145,-4.09975,-4.2927,-0.192952,0.661537,0.293508,0.00392751,0.0177427,0.994126,3.01113,268.643,
412,0,0.02,0.0001,57.124,2000,2.14154,2.1018,2.93771,2.18239,508.625,475.406,1831.05,1711.46,33.125,13.6562,1.51439e+06,10958.7,11006.3,700,700,-0.259172,-0.0961301,-4.17455,-4.51814,-0.34368,0.668001,0.215878,-0.000443429,0.0197116,1.27211,1.67499,292.491,
413,0,0.02,0.0001,55.8084,2000,2.30687,2.2665,3.05922,2.34834,545.906,518.562,1965.26,1866.82,28.75,11.6875,1.52277e+06,10923.6,10971,700,700,-0.171969,-0.0913147,-4.09725,-4.32789,-0.230675,0.658715,0.271097,0.00362602,0.0181554,0.976899,2.33054,275.082,
414,0,0.02,0.0001,54.2645,2000,2.49127,2.45703,3.14554,2.52641,581.406,550.125,2093.06,1980.45,32.0625,14.875,1.4634e+06,10932.4,10979,700,700,-0.205875,-0.0870442,-3.93148,-4.08034,-0.148914,0.643957,0.250234,0.0273784,0.018049,0.973472,3.58297,282.028,
415,0,0.02,0.0001,58.0775,2000,2.49638,2.46303,3.14566,2.53052,592.156,557.031,2131.76,2005.31,36.5,16.6562,1.46014e+06,10887.9,10935.2,700,700,-0.268984,-0.0889411,-3.87113,-4.06233,-0.191242,0.61277,0.28018,0.00175807,0.0157426,0.964226,3.37734,283.847,
416,0,0.02,0.0001,54.1288,2000,2.56221,2.52842,3.18765,2.59677,607.594,571.75,2187.34,2058.3,36,16,1.49273e+06,10927.3,10974.3,700,700,-0.254125,-0.0876396,-3.84534,-4.00933,-0.163984,0.627725,0.303332,0.0025545,0.0159126,0.946898,2.51732,277.283,
417,0,0.02,0.0001,53.2232,2000,2.5849,2.54919,3.18822,2.62132,620.5,581.156,2233.8,2092.16,39.7188,17.1562,1.48036e+06,10920.4,10967.9,700,700,-0.305203,-0.0901267,-3.8317,-4.03178,-0.200132,0.600753,0.198814,0.00231203,0.0152429,0.965729,3.56178,276.28,
418,0,0.02,0.0001,53.2818,2000,2.49943,2.46603,3.16025,2.53353,603.156,568.406,2171.36,2046.26,33.7812,14.875,1.4568e+06,10924.3,10972,700,700,-0.222516,-0.0889659,-3.89818,-4.08995,-0.19187,0.668785,0.222446,0.00241606,0.0162611,0.98224,2.92774,268.482,
419,0,0.02,0.0001,53.5205,2000,2.51361,2.47737,3.12675,2.55059,603.219,566.531,2171.59,2039.51,37.9062,16.25,1.47797e+06,10943.7,10991.4,700,700,-0.285328,-0.0900552,-3.92688,-4.12855,-0.201645,0.619418,0.120211,0.00390825,0.0167307,0.936957,3.69756,270.081,
420,0,0.02,0.0001,53.9566,2000,2.40565,2.37456,3.06893,2.43742,576.875,544.812,2076.75,1961.33,31.9688,14.5,1.49427e+06,10923.1,10971,700,700,-0.207125,-0.0877289,-3.83601,-4.05054,-0.214644,0.651409,0.197794,0.00246808,0.0165584,0.981582,2.643,259.714,
421,0,0.02,0.0001,53.1631,2000,2.55858,2.53112,3.19618,2.58671,608.844,575.125,2191.84,2070.45,35.75,18.0625,1.50146e+06,10867.9,10915.2,700,700,-0.248688,-0.0868068,-3.80907,-3.97032,-0.161309,0.662204,0.225506,0.00225224,0.0161127,0.967226,3.24119,265.737,
422,0,0.02,0.0001,54.6631,2000,2.22582,2.19685,2.87229,2.25542,537.844,506.688,1936.24,1824.08,31.5312,14.2188,1.51684e+06,10915.6,10964.2,700,700,-0.219625,-0.0912426,-3.94848,-4.24857,-0.300127,0.672882,0.205464,0.00379761,0.0158706,0.986749,2.91806,266.845,
423,0,0.02,0.0001,54.8997,2000,2.26414,2.23666,2.99415,2.29226,549.031,516.031,1976.51,1857.71,32.0938,14.625,1.49952e+06,10985.2,11033.7,700,700,-0.223391,-0.0903547,-3.99179,-4.2558,-0.263924,0.673469,0.201119,0.0037837,0.0170128,0.921129,3.34077,255.92,
424,0,0.02,0.0001,54.8134,2000,2.28029,2.25306,3.01348,2.30806,554.438,523.344,1995.97,1884.04,32.125,14.3438,1.48717e+06,10923.5,10972.1,700,700,-0.220203,-0.0909804,-3.93392,-4.21172,-0.27783,0.665159,0.214286,0.00242833,0.0163639,0.942279,3.12996,287.386,
425,0,0.02,0.0001,53.6636,2000,2.47237,2.44251,3.14381,2.50288,597.969,566.219,2152.69,2038.39,32.0938,14.5938,1.4807e+06,10885.7,10933.8,700,700,-0.198297,-0.0880421,-3.82157,-4.02706,-0.205545,0.668659,0.209516,0.00259864,0.0162693,0.978787,3.54219,260.578,
426,0,0.02,0.0001,54.2983,2000,2.42489,2.39258,3.10733,2.45795,585.938,553.562,2109.38,1992.82,32,14.2812,1.48176e+06,10937.4,10985.5,700,700,-0.203219,-0.0881023,-3.92192,-4.12057,-0.198707,0.660673,0.121967,0.00107388,0.0178511,1.1588,1.86055,278.565,
427,0,0.02,0.0001,55.3892,2000,2.24878,2.21973,3.00445,2.27854,551.062,520.281,1983.83,1873.01,29.2188,13.5625,1.46439e+06,10922.3,10971.1,700,700,-0.178141,-0.0893769,-4.0908,-4.32607,-0.235562,0.698048,0.252649,0.00324152,0.0181635,0.896993,3.36019,280.94,
428,0,0.02,0.0001,55.302,2000,2.17915,2.15078,2.99165,2.20811,530.844,500.125,1911.04,1800.45,30.9062,13.7188,1.50252e+06,10944.9,10993.6,700,700,-0.213531,-0.0909564,-4.1985,-4.45765,-0.259149,0.704766,0.243638,0.00266631,0.0192249,0.910569,2.31666,274.906,
429,0,0.02,0.0001,57.4651,2000,2.12767,2.1002,2.93693,2.15564,522.906,490.688,1882.46,1766.47,33.3438,14.5,1.52564e+06,10959.7,11008.8,700,700,-0.254812,-0.0945118,-4.20522,-4.53409,-0.328908,0.691205,0.219334,0.00295127,0.0173602,0.92753,3.90529,278.655,
430,0,0.02,0.0001,59.1628,2000,2.29975,2.27286,3.01699,2.32718,557.219,527.094,2005.99,1897.54,30.625,13.875,1.50584e+06,10974,11022.6,700,700,-0.195828,-0.0888126,-4.02807,-4.25392,-0.225843,0.684976,0.499203,0.00262183,0.0192969,0.890732,2.7293,293.523,
431,0,0.02,0.0001,59.6981,2000,2.03736,2.01246,2.89939,2.06284,498.625,469.844,1795.05,1691.44,28.4688,12.5,1.50688e+06,10987.6,11036.6,700,700,-0.192109,-0.0924775,-4.09677,-4.44106,-0.344381,0.708539,0.310196,0.00393708,0.0178437,0.932741,4.18436,286.84,
432,0,0.02,0.0001,58.049,2000,1.95443,1.93499,2.7539,1.97432,473.938,446.969,1706.17,1609.09,25.0938,12.4062,1.51706e+06,10935.3,10984.5,700,700,-0.152922,-0.0900652,-4.13477,-4.45906,-0.324305,0.726636,0.217837,0.00274574,0.018084,1.01773,2.79619,304.622,
433,0,0.02,0.0001,55.5554,2000,2.14365,2.11526,3.01711,2.17272,515.562,487.031,1856.03,1753.31,28.1562,12.5938,1.51227e+06,10931,10979.1,700,700,-0.178828,-0.0911833,-4.12417,-4.41716,-0.292977,0.70932,0.21451,0.0028931,0.0168661,0.992162,3.19216,280.211,
434,0,0.02,0.0001,54.9015,2000,1.99486,1.96743,2.94443,2.02297,484.062,456.344,1742.62,1642.84,26.5312,11.4062,1.48892e+06,10967.1,11015.5,700,700,-0.169797,-0.0926885,-4.37339,-4.6828,-0.309535,0.728761,0.27566,0.00638244,0.0173066,0.930087,2.79194,279.039,
435,0,0.02,0.0001,65.2511,2000,0.84392,0.834098,1.96945,0.854097,219.406,203.781,789.862,733.612,12,5.34375,1.60005e+06,11154.8,11206.7,700,700,-0.0781094,-0.100022,-5.33262,-5.90448,-0.571907,0.864541,0.682263,-0.000121158,0.0157467,1.36873,0.564857,287.935,
436,0,0.02,0.0001,67.5141,2000,0.721604,0.715813,1.75413,0.727705,186.312,173.594,670.725,624.938,8.53125,4.375,1.5961e+06,11113.6,11165.8,700,700,-0.0411719,-0.0991461,-5.86455,-6.36041,-0.496036,0.873227,0.400532,0.00312655,0.0176555,1.07907,1.60145,297.358,
437,0,0.02,0.0001,68.5271,2000,1.04606,1.03129,2.12099,1.06146,264.812,247.75,953.325,891.9,12.0625,5.8125,1.53436e+06,11074.6,11125.8,700,700,-0.0570625,-0.0965146,-5.42096,-5.86291,-0.442257,0.828134,1.53461,0.00284069,0.0157463,1.1065,1.29491,300.445,
438,0,0.02,0.0001,67.2076,2000,0.856901,0.853025,1.87363,0.861087,217.969,203.969,784.688,734.288,8.75,4.125,1.54814e+06,11075.2,11127,700,700,-0.0292656,-0.0972473,-5.46963,-5.96623,-0.496828,0.848656,0.256995,0.000560099,0.0195598,1.30856,1.27508,279.692,
439,0,0.02,0.0001,55.1781,2000,2.45838,2.42559,3.1758,2.49199,568.156,540.438,2045.36,1945.58,29.375,13.5312,1.49462e+06,10949.4,10995.8,700,700,-0.170406,-0.0836388,-4.16198,-4.22059,-0.0586166,0.686373,0.189979,0.00831465,0.0267922,1.24394,0.568306,275.376,
440,0,0.02,0.0001,50.0092,2000,2.68442,2.64541,3.2653,2.72477,596.125,568.031,2146.05,2044.91,31.4375,16.2188,1.51179e+06,10923.1,10967.7,700,700,-0.187547,-0.0782574,-3.96263,-3.92682,0.0356662,0.660751,0.192842,0.00695904,0.0467023,0.774961,2.50025,295.067,
441,0,0.02,0.0001,53.059,2000,2.61063,2.57972,3.27686,2.64225,610.25,577.406,2196.9,2078.66,35.2188,16.875,1.50004e+06,10890,10936.4,700,700,-0.239578,-0.0852701,-3.91156,-4.00713,-0.0955881,0.640893,0.20315,0.00379615,0.0242016,0.848257,3.10276,320.855,
442,0,0.02,0.0001,55.3869,2000,2.40776,2.37781,3.14645,2.43831,571.156,539.156,2056.16,1940.96,33,15.0625,1.51741e+06,10974.7,11022,700,700,-0.225422,-0.0889725,-3.96709,-4.1668,-0.199792,0.662162,0.200369,0.00487517,0.0202408,0.889603,3.13462,332.304,
443,0,0.02,0.0001,55.1326,2000,2.36825,2.33863,3.07438,2.39852,563.281,531.688,2027.81,1914.08,31.875,14.2812,1.49411e+06,10952.4,11000,700,700,-0.212281,-0.0880338,-3.89546,-4.11215,-0.21671,0.660412,0.131461,0.00376028,0.018539,0.882882,2.87715,322.616,
444,0,0.02,0.0001,55.6602,2000,2.21245,2.18602,2.98072,2.23945,530.094,499.5,1908.34,1798.2,30.9062,14.25,1.50835e+06,10960.6,11008.7,700,700,-0.213844,-0.0901819,-4.03337,-4.2963,-0.262963,0.674016,0.163207,0.00402346,0.01808,0.926468,2.60772,285.684,
445,0,0.02,0.0001,56.2143,2000,2.1272,2.10188,2.9721,2.15303,512.625,485,1845.45,1746,26.9375,12.1562,1.49912e+06,10956,11004.4,700,700,-0.161562,-0.0896874,-4.11682,-4.38553,-0.268828,0.708796,0.207578,0.00155474,0.0242716,1.31404,0.808098,286.026,
446,0,0.02,0.0001,57.5716,2000,2.50598,2.47733,3.17307,2.53523,588.156,556.625,2117.36,2003.85,35.1562,16.2812,1.52076e+06,10900.4,10947.3,700,700,-0.249031,-0.0866519,-3.79108,-3.97243,-0.181348,0.609646,0.204271,0.00505248,0.0236145,1.08761,2.0921,297.032,
447,0,0.02,0.0001,57.4384,2000,2.65577,2.62033,3.24561,2.692,613.781,583.031,2209.61,2098.91,33.4688,14.6875,1.50819e+06,10918.9,10965.1,700,700,-0.210516,-0.0829268,-3.78872,-3.87508,-0.0863809,0.609177,0.186205,0.00625363,0.0232005,0.72966,3.03069,341.122,
448,0,0.02,0.0001,64.5744,2000,2.48247,2.44959,3.14201,2.5161,581.719,550.031,2094.19,1980.11,33.4375,15.0938,1.50596e+06,10923.8,10970.7,700,700,-0.226547,-0.086286,-3.91791,-4.07671,-0.158793,0.61873,0.423378,0.00454715,0.0229148,0.738341,2.97492,286.9,
449,0,0.02,0.0001,56.6553,2000,2.57154,2.54014,3.19013,2.60354,598.312,566.312,2153.93,2038.72,35.0312,15.7812,1.5333e+06,10955.5,11002,700,700,-0.242313,-0.0845792,-3.84223,-3.96257,-0.120324,0.606486,0.291509,0.00478676,0.0239661,0.724752,3.89648,290.093,
450,0,0.02,0.0001,53.7688,2000,2.50039,2.46791,3.1063,2.53367,581.281,549.688,2092.61,1978.88,34,15.9375,1.52787e+06,10951,10997.6,700,700,-0.235156,-0.0855897,-3.77522,-3.95148,-0.17632,0.625862,0.438111,0.00399182,0.0194065,0.794232,3.07569,275.407,
451,0,0.02,0.0001,53.6823,2000,2.48526,2.45398,3.12327,2.51725,576.031,544.562,2073.71,1960.43,33.625,15.9375,1.5009e+06,10947.8,10994.3,700,700,-0.232094,-0.0856917,-3.83185,-4.00105,-0.169215,0.629729,0.211521,0.00456005,0.0210849,0.763152,1.62754,300.651,
452,0,0.02,0.0001,55.401,2000,2.63131,2.60165,3.23605,2.66158,618.469,583.812,2226.49,2101.73,36.7188,17.4062,1.50254e+06,10882.5,10929.2,700,700,-0.258875,-0.0852345,-3.65354,-3.8134,-0.159877,0.603904,0.23015,0.00313493,0.0193486,0.783518,3.20628,282.808,
453,0,0.02,0.0001,52.6823,2000,2.64093,2.61094,3.2454,2.67153,618.469,583.281,2226.49,2099.81,37.2812,17.5,1.51415e+06,10922.2,10968.7,700,700,-0.267578,-0.0853933,-3.69978,-3.85355,-0.153735,0.600864,0.212734,0.00432303,0.0198144,0.772121,3.31098,296.357,
454,0,0.02,0.0001,54.319,2000,2.61346,2.57905,3.26489,2.64866,602.375,573.562,2168.55,2064.82,30.5,13.7812,1.49179e+06,10965,11011.1,700,700,-0.170719,-0.0821475,-3.65516,-3.78591,-0.130771,0.62425,0.219689,0.00497431,0.0204816,0.803854,3.28535,283.259,
455,0,0.02,0.0001,52.6086,2000,2.55909,2.5226,3.21971,2.59643,584.75,553.969,2105.1,1994.29,34.625,15.25,1.54343e+06,10920.6,10966.3,700,700,-0.242391,-0.0865289,-3.70449,-3.90512,-0.200596,0.598842,0.194063,0.0050302,0.0197088,0.814038,3.01774,290.116,
456,0,0.02,0.0001,54.7432,2000,2.36429,2.32809,3.09914,2.40136,547.969,518.812,1972.69,1867.73,29.5,12.5938,1.50821e+06,10953.8,11000.4,700,700,-0.183094,-0.0872279,-3.8008,-4.04234,-0.241599,0.648692,0.203302,0.00323098,0.0237459,1.33065,1.1415,290.294,
457,0,0.02,0.0001,56.4178,2000,2.09374,2.0631,2.95864,2.12523,485.469,463.312,1747.69,1667.92,23.9062,10.9062,1.51561e+06,10946.2,10993.2,700,700,-0.126937,-0.0890299,-4.21349,-4.46381,-0.250324,0.709594,0.312472,0.00526628,0.0223521,0.802729,3.12309,291.316,
458,0,0.02,0.0001,53.4759,2000,2.11033,2.07472,3.02567,2.14696,501.281,472.375,1804.61,1700.55,28.5312,12.1875,1.52085e+06,10989.6,11036.8,700,700,-0.191781,-0.0936454,-4.33852,-4.62362,-0.285194,0.722119,0.19422,0.00405657,0.0196063,1.03243,1.53616,300.146,
459,0,0.02,0.0001,52.7255,2000,2.21359,2.18237,3.09449,2.24559,523.062,492.938,1883.03,1774.58,31.25,14.2188,1.54e+06,10905.1,10952.1,700,700,-0.222281,-0.0922871,-4.28954,-4.52934,-0.239759,0.692199,0.205104,0.00506497,0.0223153,0.796689,2.10181,309.909,
460,0,0.02,0.0001,52.1239,2000,2.30129,2.26268,3.09577,2.34093,538.469,506.125,1938.49,1822.05,32.6562,13.9375,1.52439e+06,10951.8,10998.4,700,700,-0.236781,-0.0915771,-4.21024,-4.43066,-0.220564,0.665686,0.21719,0.00639482,0.0218997,0.792301,4.26291,298.759,
461,0,0.02,0.0001,52.1498,2000,2.2453,2.21103,3.05757,2.28044,523.062,496.469,1883.03,1787.29,28.1562,12.1875,1.55075e+06,10946.2,10993,700,700,-0.174109,-0.0893622,-4.25026,-4.44455,-0.194363,0.686663,0.259872,0.00451499,0.02133,0.797439,2.03116,307.582,
462,0,0.02,0.0001,52.352,2000,2.23696,2.19875,3.04401,2.27615,523.312,494.906,1883.92,1781.66,29.7812,12.5312,1.51819e+06,10933.2,10980,700,700,-0.199266,-0.0918848,-4.28912,-4.51235,-0.223234,0.679506,0.190457,0.00516448,0.0202287,0.847998,2.66761,289.871,
463,0,0.02,0.0001,50.75,2000,2.37739,2.3386,3.20558,2.41737,546.844,518.688,1968.64,1867.28,28.875,13.0312,1.51937e+06,10963.8,11009.6,700,700,-0.173781,-0.0880961,-4.29247,-4.40908,-0.116625,0.712045,0.190583,0.00518653,0.020956,0.81713,2.29753,317.332,
464,0,0.02,0.0001,50.853,2000,2.42883,2.39088,3.22779,2.46785,559.125,529.844,2012.85,1907.44,30.8125,13.8438,1.55188e+06,10945.7,10991.4,700,700,-0.197266,-0.0874273,-4.23602,-4.3491,-0.113152,0.705841,0.269346,0.00537901,0.0206132,0.778607,1.76971,293.598,
465,0,0.02,0.0001,51.69,2000,2.35892,2.32678,3.15077,2.39186,548.625,519,1975.05,1868.4,30.4062,14.125,1.50813e+06,10917.9,10964.3,700,700,-0.196594,-0.0879809,-4.14388,-4.30383,-0.15999,0.709835,0.284709,0.00450279,0.0219536,0.782603,2.32583,317.813,
466,0,0.02,0.0001,51.0175,2000,2.47392,2.43288,3.22,2.51604,570.312,542.062,2053.12,1951.43,31.0625,13.25,1.52375e+06,10892.9,10938.9,700,700,-0.194906,-0.0869618,-3.96095,-4.11707,-0.156181,0.686477,0.163035,0.00474811,0.0219167,0.798102,4.08652,306.781,
467,0,0.02,0.0001,51.0995,2000,2.47128,2.43692,3.2036,2.50656,562.938,535.188,2026.58,1926.68,31.3438,14.9375,1.5584e+06,10977.6,11023.3,700,700,-0.202562,-0.0846233,-3.88223,-4.0266,-0.144465,0.658051,0.496889,0.00490992,0.0235052,0.790909,1.77491,310.437,
468,0,0.02,0.0001,50.6808,2000,2.57671,2.54048,3.25963,2.61383,595.281,562.031,2143.01,2023.31,35.2188,15.625,1.539e+06,10884.7,10930.5,700,700,-0.247266,-0.0867141,-3.64154,-3.8441,-0.202582,0.610492,0.210625,0.00502215,0.0205786,0.828707,3.67117,303.384,
469,0,0.02,0.0001,50.3414,2000,2.59789,2.56046,3.30625,2.63632,592.469,562.781,2132.89,2026.01,33.375,15.5,1.57264e+06,10982.4,11027.8,700,700,-0.219234,-0.0838181,-3.5778,-3.75527,-0.177453,0.616523,0.18324,0.00420781,0.0199717,0.821514,1.92213,314.499,
470,0,0.02,0.0001,50.29,2000,2.5341,2.50291,3.27459,2.56605,585,553.938,2106,1994.18,33.7188,16.2812,1.53323e+06,10922,10968,700,700,-0.228813,-0.0855462,-3.5367,-3.75994,-0.2232,0.61167,0.192499,0.00551645,0.020212,0.805808,2.33269,278.115,
471,0,0.02,0.0001,50.7817,2000,2.74026,2.71211,3.35935,2.76901,632.219,603.406,2275.99,2172.26,33.0938,16.3438,1.51539e+06,10913.3,10959.4,700,700,-0.194703,-0.080083,-3.38011,-3.51138,-0.131317,0.606468,0.186895,0.00369072,0.0200094,0.794141,2.95745,268.661,
472,0,0.02,0.0001,51.5328,2000,2.61073,2.58371,3.26595,2.63826,610.562,580.406,2198.03,2089.46,31.3438,14.6875,1.55196e+06,10888.4,10935.2,700,700,-0.179953,-0.0825328,-3.39728,-3.59189,-0.194581,0.600166,0.196181,0.00540265,0.019455,0.808923,2.4683,295.021,
473,0,0.02,0.0001,51.2337,2000,2.55782,2.52949,3.23437,2.58671,595.781,564.875,2144.81,2033.55,32.5938,15.25,1.54429e+06,10888.6,10935.2,700,700,-0.206469,-0.0837141,-3.45515,-3.67239,-0.217221,0.592945,0.142007,0.00409948,0.020403,0.797452,3.34965,301.013,
474,0,0.02,0.0001,51.6239,2000,2.60216,2.57276,3.26991,2.63216,613.469,581.688,2208.49,2094.07,34.1562,15.6562,1.50809e+06,10951.6,10998.5,700,700,-0.2215,-0.0846641,-3.43956,-3.66249,-0.222966,0.579206,0.156378,0.00518644,0.0203859,0.784162,2.75618,290.665,
475,0,0.02,0.0001,53.9073,2000,2.57505,2.54724,3.25544,2.60342,600.656,568.406,2162.36,2046.26,34.875,16.5312,1.52374e+06,10888.8,10935.3,700,700,-0.238922,-0.084794,-3.44536,-3.67861,-0.233292,0.582052,0.244445,0.00462493,0.0199715,0.82441,2.93443,294.413,
476,0,0.02,0.0001,58.394,2000,2.54001,2.50931,3.24879,2.57132,593.156,562.062,2135.36,2023.43,32.625,14.875,1.50767e+06,10936.5,10983.1,700,700,-0.208344,-0.084833,-3.51301,-3.7375,-0.2245,0.581238,0.272389,0.00361906,0.0188003,0.80341,2.9356,294.74,
477,0,0.02,0.0001,54.3677,2000,2.39546,2.36672,3.12955,2.42481,553.469,523.719,1992.49,1885.39,32.5312,15.375,1.55605e+06,10935.8,10982.4,700,700,-0.226109,-0.0868153,-3.58082,-3.85606,-0.27527,0.582382,0.472407,0.00406676,0.0189835,0.832956,2.48071,286.497,
478,0,0.02,0.0001,55.1638,2000,2.52533,2.49342,3.23474,2.55797,587.938,556.125,2116.57,2002.05,32.4688,14.625,1.51782e+06,10937.7,10984.2,700,700,-0.208969,-0.0846489,-3.57777,-3.78545,-0.207723,0.599211,0.230016,0.00502911,0.0192659,0.809574,3.27687,287.992,
479,0,0.02,0.0001,54.1316,2000,2.75554,2.72938,3.35935,2.78232,630.531,598.812,2269.91,2155.73,34.875,18.3125,1.52746e+06,10952.1,10997.7,700,700,-0.223719,-0.080253,-3.4635,-3.57324,-0.109753,0.608917,0.20082,0.00378101,0.0187677,0.847254,3.33338,298.524,
480,0,0.02,0.0001,54.9553,2000,2.46223,2.42919,3.15109,2.49614,574.594,543.562,2068.54,1956.82,31.0312,14.4062,1.50903e+06,10981,11027.7,700,700,-0.193688,-0.0858625,-3.61361,-3.84755,-0.233973,0.616751,0.144405,0.00374277,0.018199,0.849712,2.87355,288.574,
481,0,0.02,0.0001,55.0579,2000,2.5626,2.53219,3.22736,2.59374,592.875,561.219,2134.35,2020.39,33.9375,16.8438,1.53166e+06,10956.8,11003,700,700,-0.228453,-0.0857627,-3.62266,-3.82385,-0.201189,0.615076,0.251723,0.00464765,0.019033,0.84787,2.92018,289.272,
482,0,0.02,0.0001,54.7356,2000,2.45293,2.42023,3.1426,2.48636,571,541.469,2055.6,1949.29,31.625,14.5625,1.54006e+06,10963.8,11010.6,700,700,-0.203641,-0.0865328,-3.71788,-3.93325,-0.215419,0.627692,0.213905,0.00424431,0.0194828,0.859581,3.22824,289.778,
483,0,0.02,0.0001,55.4081,2000,2.45658,2.42502,3.14105,2.48893,572.094,544.062,2059.54,1958.62,30.25,14.4688,1.53831e+06,10916.8,10963.8,700,700,-0.181719,-0.0849907,-3.74761,-3.93743,-0.189876,0.643934,0.356725,0.00483437,0.0213626,0.826355,3.8082,296.2,
484,0,0.02,0.0001,55.3148,2000,2.49649,2.4647,3.1929,2.52905,579.594,550.25,2086.54,1980.9,32.5938,15.2812,1.5281e+06,10921,10967.6,700,700,-0.213781,-0.0867136,-3.62002,-3.84799,-0.228022,0.619205,0.459971,0.00456703,0.0193411,0.853175,3.18355,292.214,
485,0,0.02,0.0001,56.2073,2000,2.58091,2.54785,3.25059,2.61487,591.281,563.5,2128.61,2028.6,30.25,14.6562,1.54177e+06,10880.9,10926.8,700,700,-0.172,-0.0827787,-3.63208,-3.78422,-0.152185,0.636353,0.199806,0.0116715,0.036675,1.08277,2.35515,288.622,
486,0,0.02,0.0001,55.3341,2000,2.52712,2.49229,3.13042,2.56295,565.875,537.562,2037.15,1935.22,31.25,15.125,1.53853e+06,10968.2,11013.6,700,700,-0.199969,-0.0831074,-3.65501,-3.83423,-0.179289,0.615368,0.236234,0.00545903,0.021901,0.824682,3.82215,297.431,
487,0,0.02,0.0001,55.2838,2000,2.57868,2.53863,3.27525,2.61981,586.25,558.125,2110.5,2009.25,30.1562,13.7188,1.52743e+06,10915.9,10961.2,700,700,-0.173281,-0.0837335,-3.68271,-3.84336,-0.160705,0.634853,0.317502,0.00488442,0.0203861,0.881807,2.46903,284.674,
488,0,0.02,0.0001,57.9179,2000,2.56306,2.53169,3.23067,2.59525,583.531,555.844,2100.71,2001.04,29.8438,14.625,1.54503e+06,10901,10946.7,700,700,-0.169734,-0.083048,-3.70307,-3.8471,-0.144048,0.638313,0.500879,0.00529643,0.0214681,0.853213,2.0183,289.621,
489,0,0.02,0.0001,51.1045,2000,2.60124,2.55947,3.27333,2.64429,591.125,557.969,2128.05,2008.69,34.4688,15.9375,1.52244e+06,10902.7,10947.9,700,700,-0.238047,-0.0863462,-3.61901,-3.82096,-0.201956,0.619011,0.401324,0.00495108,0.0201867,0.881832,3.08576,291.125,
490,0,0.02,0.0001,51.359,2000,2.49983,2.46731,3.21458,2.53318,570.719,540.375,2054.59,1945.35,31.1562,14.9688,1.57528e+06,10920.2,10966,700,700,-0.197156,-0.0852766,-3.69103,-3.88048,-0.189437,0.644806,0.217681,0.0049557,0.0207377,0.852787,2.7852,263.562,
491,0,0.02,0.0001,52.6421,2000,2.60256,2.56242,3.25304,2.64379,593.125,564.031,2135.25,2030.51,31.9375,14.2188,1.54119e+06,10885.6,10931.2,700,700,-0.197047,-0.0845752,-3.57443,-3.75682,-0.182416,0.626297,0.201121,0.00488176,0.0191723,0.879827,2.22666,268.214,
492,0,0.02,0.0001,50.2923,2000,2.42893,2.39044,3.20248,2.46855,549.156,522.062,1976.96,1879.42,28.9062,13.0312,1.56198e+06,10912,10957.4,700,700,-0.172563,-0.08591,-3.65761,-3.89417,-0.236602,0.649382,0.351747,0.0033362,0.0207456,0.89035,2.47576,258.396,
493,0,0.02,0.0001,55.1723,2000,2.13253,2.09822,2.99036,2.16786,494.312,470.5,1779.53,1693.8,25.25,11.3438,1.56809e+06,10957.4,11004.3,700,700,-0.1435,-0.0904331,-3.73768,-4.10205,-0.364429,0.682191,0.212307,0.00225857,0.0173367,1.1551,1.5715,268.664,
494,0,0.02,0.0001,53.9458,2000,2.33282,2.29657,3.163,2.37004,535.844,511.25,1929.04,1840.5,28.8125,13.0625,1.606e+06,10902.6,10948.7,700,700,-0.176563,-0.0880781,-3.89064,-4.12597,-0.235324,0.67381,0.126137,0.00212661,0.017977,1.14669,1.302,256.405,
495,0,0.02,0.0001,55.476,2000,2.2032,2.17023,3.01948,2.2371,513.375,487.719,1848.15,1755.79,26.2188,11.9062,1.54318e+06,10963.7,11010.7,700,700,-0.149422,-0.087577,-3.93839,-4.20063,-0.262341,0.692748,0.254557,0.00453335,0.022541,0.844934,3.72609,262.862,
496,0,0.02,0.0001,52.1447,2000,2.18347,2.15016,3.06263,2.21774,509.25,484.812,1833.3,1745.32,26.5,11.875,1.56708e+06,10934,10980.8,700,700,-0.155094,-0.0890208,-4.00172,-4.27564,-0.274026,0.704375,0.26998,0.00419545,0.0223448,0.841347,1.66883,278.281,
497,0,0.02,0.0001,55.7433,2000,1.92714,1.89688,2.79839,1.95831,448.469,425.656,1614.49,1532.36,24.875,11.375,1.57419e+06,11019.3,11066.8,700,700,-0.160297,-0.0913306,-4.08784,-4.44901,-0.361308,0.71271,0.25221,0.00453872,0.0216035,0.887309,2.29515,274.304,
498,0,0.02,0.0001,54.9815,2000,2.50017,2.46064,3.23989,2.54088,570.438,543.25,2053.57,1955.7,29.4062,13.8125,1.5575e+06,10940.6,10986.2,700,700,-0.169469,-0.0843428,-3.75959,-3.91952,-0.159968,0.671162,0.134568,0.0050548,0.0213017,0.832065,3.64227,274.309,
499,0,0.02,0.0001,57.5814,2000,2.06262,2.02548,2.90914,2.10097,481.375,455.5,1732.95,1639.8,26.4375,11.5,1.57077e+06,10986.7,11034,700,700,-0.168813,-0.0902247,-3.89831,-4.24936,-0.351068,0.654448,0.206624,0.00128091,0.0199288,1.19081,1.26865,269.931,
500,0,0.02,0.0001,54.3325,2000,2.33105,2.29067,3.1661,2.37271,537.25,509.875,1934.1,1835.55,30.1875,13.625,1.58316e+06,10976.4,11022.4,700,700,-0.197875,-0.0875344,-3.88106,-4.11475,-0.233675,0.660379,0.220537,0.00655088,0.0221777,0.841796,2.2988,271.242,
501,0,0.02,0.0001,57.0054,2000,2.21564,2.18324,3.03942,2.24896,518.406,490.875,1866.26,1767.15,29.375,13.7812,1.52723e+06,10951.4,10998.4,700,700,-0.195187,-0.0881571,-3.94575,-4.20484,-0.259112,0.676841,0.275246,0.00512077,0.0252585,0.842996,3.1189,271.529,
502,0,0.02,0.0001,56.1065,2000,2.36821,2.33286,3.13704,2.40462,547.625,520.281,1971.45,1873.01,28.625,13.3125,1.536e+06,10931.2,10977.6,700,700,-0.169234,-0.0848422,-3.87973,-4.05798,-0.178253,0.670264,0.441685,0.00475147,0.0245127,0.75404,3.97155,275.799,
503,0,0.02,0.0001,54.385,2000,2.47275,2.42932,3.20623,2.51741,566.5,538.594,2039.4,1938.94,29.625,12.2188,1.53715e+06,10956.1,11001.8,700,700,-0.175078,-0.0850823,-3.87839,-4.04161,-0.163226,0.68472,0.399181,0.00413993,0.021549,0.778993,2.72451,281.16,
504,0,0.02,0.0001,56.0319,2000,2.23909,2.20511,3.07947,2.27414,516.969,491.375,1861.09,1768.95,28.4688,13.0938,1.56466e+06,10971.1,11017.5,700,700,-0.181344,-0.0876887,-4.04798,-4.28153,-0.233674,0.703388,0.32485,0.00377775,0.0206086,0.806849,3.3828,286.098,
505,0,0.02,0.0001,54.7695,2000,2.33756,2.30139,3.10128,2.37482,539.531,511.688,1942.31,1842.08,28.625,13.6562,1.53476e+06,10946.3,10992.6,700,700,-0.173531,-0.0859211,-3.99378,-4.18286,-0.189057,0.696431,0.43811,0.00645684,0.0259014,0.779037,3.53567,282.478,
506,0,0.02,0.0001,53.8895,2000,2.45326,2.41939,3.20425,2.48803,566.375,535.844,2038.95,1929.04,31.0938,14.875,1.50847e+06,10960.5,11006.5,700,700,-0.198484,-0.0848997,-3.86507,-4.03198,-0.166935,0.677156,0.227918,0.00561992,0.0213483,0.82841,2.53235,278.159,
507,0,0.02,0.0001,55.487,2000,2.24077,2.2046,3.10089,2.27792,518.406,490.844,1866.26,1767.04,28.875,12.6562,1.56662e+06,10931.3,10977.6,700,700,-0.187703,-0.0885821,-4.09774,-4.33664,-0.238976,0.708553,0.194384,0.00213004,0.0232787,1.25802,1.25765,280.674,
508,0,0.02,0.0001,54.6877,2000,2.40038,2.36601,3.17197,2.4358,546.781,523.594,1968.41,1884.94,26.8438,13,1.56084e+06,10936.2,10982.1,700,700,-0.140859,-0.083458,-4.22835,-4.29478,-0.0663458,0.708678,0.19825,0.00590316,0.0243822,0.870551,3.32449,280.992,
509,0,0.02,0.0001,55.3147,2000,2.23733,2.19903,3.08555,2.27687,511.094,489.438,1839.94,1761.97,24,10.9375,1.57434e+06,10929.1,10975.4,700,700,-0.115281,-0.0851217,-4.34831,-4.47057,-0.122232,0.727252,0.270568,0.00571927,0.0223443,0.82387,3.49388,283.822,
510,0,0.02,0.0001,58.7212,2000,2.26027,2.22764,3.14156,2.29385,524.812,498.031,1889.32,1792.91,27,12.75,1.54816e+06,10953.6,11000,700,700,-0.155984,-0.0857978,-4.27428,-4.41626,-0.142077,0.745795,0.209273,0.00461168,0.0194575,0.921415,2.21936,302.145,
511,0,0.02,0.0001,62.6344,2000,2.15278,2.12312,3.08679,2.18327,501.375,481.375,1804.95,1732.95,22.7188,10.0625,1.56644e+06,10944.7,10991.6,700,700,-0.100094,-0.0856085,-4.30127,-4.4666,-0.165266,0.771726,0.218309,0.00772937,0.0213232,0.786697,2.05285,308.347,
512,0,0.02,0.0001,65.9869,2000,1.64571,1.61828,2.75966,1.67416,393.656,372.094,1417.16,1339.54,20.5625,8.90625,1.58076e+06,10969.5,11017.8,700,700,-0.122391,-0.0919787,-4.72411,-5.0596,-0.335504,0.796258,0.140322,0.0050345,0.0195175,0.986902,2.77158,300.568,
513,0,0.02,0.0001,64.427,2000,1.38332,1.3627,2.49468,1.40468,336.938,317.125,1212.98,1141.65,17.125,8.0625,1.5337e+06,11011.4,11060.8,700,700,-0.0983125,-0.0937523,-4.85389,-5.27185,-0.418321,0.816398,0.215375,0.00263572,0.0170709,1.173,1.31796,286.174,
514,0,0.02,0.0001,60.4449,2000,1.02687,1.00984,2.1524,1.04462,254.906,237.844,917.662,856.237,12.9688,6.53125,1.54913e+06,11032.6,11082.7,700,700,-0.0756094,-0.0973051,-5.2346,-5.73541,-0.501089,0.84815,0.286914,0.00573589,0.0247933,0.881594,1.8637,271.097,
515,0,0.02,0.0001,61.8745,2000,0.841458,0.824157,1.8434,0.859458,211.469,195.938,761.288,705.375,11.4688,5.03125,1.55909e+06,11107.3,11158.3,700,700,-0.0740625,-0.100841,-5.31625,-5.90998,-0.59395,0.862235,0.322748,0.000927808,0.0199304,1.22102,0.526227,284.139,
516,0,0.02,0.0001,60.7461,2000,1.15697,1.13589,2.28722,1.17915,282.062,266.25,1015.43,958.5,12.4375,5.84375,1.52787e+06,11026.2,11075.6,700,700,-0.0534375,-0.0952203,-5.10248,-5.56848,-0.466383,0.836301,0.215974,0.00692411,0.0461997,0.972582,1.6087,281.539,
517,0,0.02,0.0001,56.5186,2000,1.51701,1.49749,2.62438,1.53714,367.344,347.344,1322.44,1250.44,18.3125,8.625,1.55418e+06,11055.8,11104.7,700,700,-0.101016,-0.0925158,-4.59085,-4.99876,-0.408075,0.77798,0.274303,0.00530295,0.0283655,1.07398,1.55057,288.545,
518,0,0.02,0.0001,59.2852,2000,0.857718,0.844838,2.07838,0.871069,219.625,204.469,790.65,736.087,11.5625,5.5,1.58913e+06,11054.1,11105,700,700,-0.0712031,-0.0995457,-5.28559,-5.85635,-0.570904,0.845733,0.193523,0.0041743,0.0227339,1.17072,0.826762,300.606,
519,0,0.02,0.0001,61.9346,2000,0.409832,0.400542,1.44669,0.419596,113.438,103.406,408.375,372.263,4.8125,2.125,1.66587e+06,11160.9,11213.7,700,700,-0.0204844,-0.101264,-5.77252,-6.40628,-0.633783,0.870451,0.214987,0.00296733,0.023631,1.16733,0.627725,271.824,
520,0,0.02,0.0001,60.1423,2000,0.671658,0.663529,1.82502,0.680249,172.938,160.969,622.575,579.487,6.375,3.15625,1.58632e+06,11093,11144.5,700,700,-0.0151406,-0.0990435,-5.45912,-6.03832,-0.579348,0.851626,0.228779,0.00752906,0.0306699,1.09663,0.602828,295.085,
521,0,0.02,0.0001,53.2033,2000,1.87829,1.84868,3.02436,1.90878,439.656,419.281,1582.76,1509.41,21.1875,9.71875,1.56889e+06,11005.3,11052.2,700,700,-0.108172,-0.0894428,-4.44783,-4.70649,-0.258726,0.716025,0.231418,0.00646497,0.0310886,0.729307,3.00509,275.128,
522,0,0.02,0.0001,51.4025,2000,2.2841,2.24992,3.23636,2.31927,522.406,502.438,1880.66,1808.78,23,10.625,1.56824e+06,10957.7,11003.6,700,700,-0.0937813,-0.082651,-4.18973,-4.27717,-0.0874708,0.705767,0.19422,0.00683581,0.0278005,0.772446,2.46421,280.399,
523,0,0.02,0.0001,51.7028,2000,2.29169,2.25593,3.22762,2.3285,524.031,501.375,1886.51,1804.95,25.5312,11.8125,1.58096e+06,10972.2,11018.1,700,700,-0.132281,-0.0837921,-4.23019,-4.3358,-0.105596,0.695737,0.192573,0.0101296,0.0401096,0.701548,2.91896,278.71,
524,0,0.02,0.0001,52.0541,2000,2.12047,2.08489,3.10797,2.15724,489.781,466.656,1763.21,1679.96,25,11.625,1.57491e+06,10989.9,11036.2,700,700,-0.141672,-0.0862733,-4.16484,-4.3704,-0.205607,0.702101,0.260284,0.00752189,0.0316046,0.741976,2.38427,263.161,
525,0,0.02,0.0001,52.4509,2000,1.96748,1.93333,2.90345,2.00289,445.031,427.469,1602.11,1538.89,19.6875,9.1875,1.63914e+06,11002.3,11048.7,700,700,-0.0815781,-0.0843118,-4.08223,-4.32141,-0.239108,0.738179,0.116803,0.00601406,0.025428,0.930213,1.50354,286.537,
526,0,0.02,0.0001,50.1358,2000,2.41383,2.37574,3.29657,2.4534,535.438,513,1927.57,1846.8,26.75,13.8125,1.57969e+06,10947,10991.6,700,700,-0.14475,-0.0798338,-3.91962,-4.00548,-0.0858559,0.687449,0.188032,0.00655356,0.0367523,0.722338,2.22316,277.556,
527,0,0.02,0.0001,51.0174,2000,2.34671,2.30885,3.13613,2.38592,525.812,506.062,1892.93,1821.83,23.6562,11.7188,1.6069e+06,10971.2,11016.9,700,700,-0.101813,-0.0806067,-3.70377,-3.8618,-0.15804,0.68566,0.138294,0.00550458,0.0242062,0.79862,1.64344,284.07,
528,0,0.02,0.0001,50.2525,2000,2.50216,2.46171,3.27583,2.54391,563.438,539.469,2028.38,1942.09,27,12.4062,1.59155e+06,10892.2,10937.3,700,700,-0.135266,-0.0803871,-3.66738,-3.79039,-0.123034,0.644844,0.112014,0.00569803,0.0247412,0.775119,3.12458,288.959,
529,0,0.02,0.0001,52.3875,2000,2.19994,2.16402,3.06822,2.237,505.844,482,1821.04,1735.2,25.0312,11.5938,1.54294e+06,10984.2,11030.8,700,700,-0.134469,-0.0846682,-3.74494,-4.00389,-0.259008,0.671023,0.274,0.00635654,0.0249182,0.774139,3.33556,260.446,
530,0,0.02,0.0001,56.0256,2000,2.3712,2.33219,3.16178,2.41146,537.688,513.656,1935.67,1849.16,25.6875,11.9375,1.57128e+06,10950.8,10996.7,700,700,-0.128484,-0.0825598,-3.67105,-3.86962,-0.198555,0.662689,0.239687,0.00533077,0.0230166,0.797033,2.5839,262.774,
531,0,0.02,0.0001,51.5924,2000,2.57631,2.54131,3.36226,2.61234,580.25,555.281,2088.9,1999.01,29.4062,15.1562,1.58048e+06,10892.2,10937.2,700,700,-0.163453,-0.0797036,-3.58913,-3.70819,-0.119132,0.653911,0.21089,0.0067488,0.0236185,0.803449,2.75677,275.277,
532,0,0.02,0.0001,51.6514,2000,2.65479,2.61474,3.38153,2.69593,595.938,566.812,2145.38,2040.53,32.0312,14.6562,1.58773e+06,10888.5,10933.3,700,700,-0.197063,-0.0806232,-3.52933,-3.65546,-0.126097,0.615138,0.275949,0.00660042,0.025338,0.796123,2.16863,295.472,
533,0,0.02,0.0001,58.8008,2000,2.45778,2.42084,3.25389,2.49571,561.781,534.125,2022.41,1922.85,30.375,13.7188,1.57979e+06,10908.2,10953.9,700,700,-0.188563,-0.0838948,-3.46964,-3.71005,-0.240467,0.610856,0.693888,0.00517929,0.0213217,0.827575,3.01773,289.129,
534,0,0.02,0.0001,60.9614,2000,2.17414,2.14325,3.00614,2.20593,497.75,473.219,1791.9,1703.59,25.4375,12.3125,1.53725e+06,10981.9,11028.7,700,700,-0.144953,-0.0842385,-3.57648,-3.87703,-0.300602,0.660881,0.720278,0.00436723,0.021656,0.801995,3.4158,320.383,
535,0,0.02,0.0001,60.5221,2000,2.20782,2.16909,3.18909,2.24765,509.906,484.906,1835.66,1745.66,27.1562,11.625,1.58029e+06,10970.7,11016.8,700,700,-0.164891,-0.0875643,-3.71352,-4.02668,-0.313122,0.66688,0.384656,0.00491337,0.0225669,0.872913,2.27161,342.162,
536,0,0.02,0.0001,56.6792,2000,2.39148,2.3567,3.26175,2.42726,544.094,520.281,1958.74,1873.01,26.9375,12.3438,1.57239e+06,10949.5,10995.2,700,700,-0.143922,-0.0828723,-3.66774,-3.8709,-0.203197,0.662166,0.272527,0.00489393,0.0209777,0.806602,2.87267,273.803,
537,0,0.02,0.0001,50.2076,2000,2.39894,2.36327,3.25878,2.43563,540.875,511.469,1947.15,1841.29,31.3125,14.6875,1.55271e+06,10934,10979.1,700,700,-0.213953,-0.084091,-3.73913,-3.94145,-0.202289,0.654954,0.185626,0.00440657,0.021546,0.797393,2.38581,262.77,
538,0,0.02,0.0001,49.7683,2000,2.60336,2.56999,3.36204,2.63762,584.219,556.719,2103.19,2004.19,30.625,14.9375,1.57033e+06,10918.5,10963.3,700,700,-0.181016,-0.0798706,-3.54594,-3.66397,-0.11808,0.639961,0.105349,0.00450359,0.0226178,0.770055,3.68373,270.453,
539,0,0.02,0.0001,50.4401,2000,2.40753,2.36715,3.27498,2.44923,540.906,513.812,1947.26,1849.72,28.5625,13.2812,1.54174e+06,10897.1,10942,700,700,-0.171531,-0.0830547,-3.66939,-3.87552,-0.206221,0.671436,0.108061,0.00668806,0.0248483,0.769325,3.2903,286.364,
540,0,0.02,0.0001,52.2027,2000,2.5039,2.46479,3.31201,2.54428,560.438,534.781,2017.57,1925.21,29.3125,14.1562,1.58367e+06,10917.6,10962.5,700,700,-0.172297,-0.0811215,-3.57572,-3.75224,-0.176585,0.64686,0.271884,0.005434,0.0253901,0.813451,2.26543,276.247,
541,0,0.02,0.0001,52.1153,2000,2.6878,2.64653,3.40025,2.73016,597.938,569.906,2152.57,2051.66,32.9688,14.9062,1.57985e+06,10957.6,11001.9,700,700,-0.209578,-0.0804971,-3.48452,-3.61414,-0.129662,0.596717,0.213289,0.00712946,0.0240123,0.79759,3.97287,276.723,
542,0,0.02,0.0001,52.8256,2000,2.59765,2.55685,3.33844,2.63973,577.188,550.875,2077.88,1983.15,30.5625,14.625,1.5852e+06,10927,10971.6,700,700,-0.183,-0.0805537,-3.51725,-3.65992,-0.142717,0.612145,0.220791,0.00441008,0.0252325,0.779521,4.19438,281.809,
543,0,0.02,0.0001,56.0936,2000,2.25132,2.21283,3.13365,2.29102,511.906,484.031,1842.86,1742.51,28.7812,13.1875,1.57718e+06,10977.6,11023.4,700,700,-0.189703,-0.0863095,-3.63112,-3.94504,-0.313992,0.673989,0.253077,0.00551752,0.0208808,0.839687,3.62035,281.295,
544,0,0.02,0.0001,57.5798,2000,2.19563,2.15792,3.11326,2.23457,501.625,476.031,1805.85,1713.71,27.1562,12.4062,1.5639e+06,10938.4,10984.5,700,700,-0.169328,-0.0868215,-3.8048,-4.10611,-0.301459,0.704546,0.291943,0.00589803,0.0223464,0.831819,2.703,284.298,
545,0,0.02,0.0001,58.8947,2000,2.1325,2.10018,3.14086,2.16581,490.656,468.031,1766.36,1684.91,24.5,10.9375,1.6092e+06,10904.3,10950.6,700,700,-0.133484,-0.0859259,-3.91009,-4.19436,-0.284352,0.737998,0.211822,0.00562655,0.0221788,0.891295,2.5633,287.943,
546,0,0.02,0.0001,56.3528,2000,2.1164,2.08299,3.15171,2.15088,488.375,466.406,1758.15,1679.06,24.1562,11.5312,1.63379e+06,10910.4,10956.7,700,700,-0.129141,-0.0858233,-3.97912,-4.24896,-0.269677,0.760241,0.340944,0.00528881,0.022806,0.784361,2.18096,288.725,
547,0,0.02,0.0001,56.9943,2000,2.09178,2.05986,3.05791,2.12467,480.375,459,1729.35,1652.4,23.4375,10.625,1.59911e+06,11004.5,11051.2,700,700,-0.122063,-0.0854404,-3.76768,-4.07765,-0.3099,0.718225,0.634488,0.00510012,0.024409,0.788178,1.86261,293.718,
548,0,0.02,0.0001,59.2213,2000,2.30014,2.2666,3.06062,2.33461,525,500.625,1890,1802.25,26.375,12.0938,1.56206e+06,10931.5,10977.9,700,700,-0.145313,-0.0833048,-3.38682,-3.68333,-0.296554,0.630635,0.339862,0.00451871,0.0213229,0.82985,1.98414,295.222,
549,0,0.02,0.0001,53.8564,2000,2.59427,2.55833,3.26949,2.63119,584.344,555.906,2103.64,2001.26,31.6562,15.1562,1.54487e+06,10912.4,10957.7,700,700,-0.196891,-0.0809437,-3.2588,-3.47639,-0.217673,0.571604,0.492394,0.00553737,0.021841,0.778665,2.90773,289.795,
550,0,0.02,0.0001,53.8391,2000,2.63441,2.59503,3.37394,2.67495,594.156,565.594,2138.96,2036.14,31.5625,15,1.57781e+06,10962.9,11007.9,700,700,-0.190641,-0.0805615,-3.26252,-3.46106,-0.198565,0.59214,0.302652,0.00487651,0.0204785,0.806465,2.3987,295.564,
551,0,0.02,0.0001,54.1177,2000,2.64902,2.61353,3.3641,2.6855,595.688,567.875,2144.48,2044.35,30.5,15,1.56047e+06,10904.7,10949.7,700,700,-0.173563,-0.0791809,-3.18912,-3.38349,-0.194369,0.586857,0.198042,0.00369372,0.0210138,0.804974,4.57417,280.347,
552,0,0.02,0.0001,49.6581,2000,2.76907,2.72754,3.45052,2.81188,609.594,581,2194.54,2091.6,32.0938,15.8125,1.56627e+06,10953.1,10997.1,700,700,-0.190906,-0.0776444,-3.21834,-3.35875,-0.140433,0.592604,0.186144,0.00533079,0.0222969,0.820283,2.38815,297.06,
553,0,0.02,0.0001,53.2985,2000,2.65757,2.61844,3.31072,2.69788,590.688,562.188,2126.47,2023.88,32.4688,15.6875,1.5543e+06,10919,10963.6,700,700,-0.205937,-0.0800798,-3.28966,-3.47435,-0.184727,0.580835,0.220954,0.00456538,0.0211998,0.770126,2.62102,290.577,
554,0,0.02,0.0001,53.3175,2000,2.77924,2.73848,3.43222,2.82115,615.281,586.594,2215.01,2111.74,32.9688,15.5938,1.58319e+06,10929.7,10973.9,700,700,-0.201234,-0.0779983,-3.20529,-3.35076,-0.145474,0.557684,0.200548,0.00474107,0.0212273,0.775599,2.82107,287.458,
555,0,0.02,0.0001,52.8346,2000,2.57579,2.54212,3.28182,2.6103,583.219,554.75,2099.59,1997.1,31.4375,14.9688,1.55402e+06,10914.4,10960,700,700,-0.194188,-0.081527,-3.25196,-3.48352,-0.231593,0.607476,0.204976,0.00323678,0.0250562,0.95519,1.81747,282.952,
556,0,0.02,0.0001,50.7477,2000,2.67712,2.64002,3.39521,2.71529,595.375,567.844,2143.35,2044.24,30.4062,14.8125,1.5665e+06,10886.9,10931.3,700,700,-0.172172,-0.0782501,-3.3242,-3.47539,-0.151238,0.625371,0.327149,0.00636941,0.0252093,0.721081,3.71895,277.312,
557,0,0.02,0.0001,49.293,2000,2.62361,2.58752,3.34175,2.66067,592.375,565.094,2132.55,2034.34,30.875,14.875,1.58515e+06,10966.6,11011.8,700,700,-0.180578,-0.0799442,-3.25957,-3.46524,-0.205681,0.603247,0.263849,0.00563483,0.0233683,0.746936,3.10188,269.418,
558,0,0.02,0.0001,49.9205,2000,2.50624,2.47119,3.29714,2.5423,566.875,538.375,2040.75,1938.15,31.2812,14.9062,1.52645e+06,10937.9,10983.3,700,700,-0.200031,-0.0820477,-3.27481,-3.54172,-0.266931,0.597942,0.205437,0.00426078,0.0214224,0.765008,2.79936,282.158,
559,0,0.02,0.0001,48.765,2000,2.67073,2.63401,3.38779,2.70841,597.312,570.094,2150.33,2052.34,31.9688,14.875,1.58602e+06,10960.7,11005.4,700,700,-0.194484,-0.0801417,-3.31277,-3.50574,-0.19293,0.633563,0.254475,0.00487218,0.0248436,0.76222,2.93299,288.777,
560,0,0.02,0.0001,48.9722,2000,2.65703,2.61875,3.37955,2.69624,593.656,566.406,2137.16,2039.06,32.9688,14.9375,1.57837e+06,10918.2,10962.9,700,700,-0.211328,-0.0810294,-3.1655,-3.4088,-0.243275,0.585007,0.192809,0.00529048,0.0220195,0.784471,4.26839,285.664,
561,0,0.02,0.0001,49.5916,2000,2.50055,2.46233,3.30046,2.54001,557.5,530.344,2007,1909.24,30.3438,14.3438,1.59234e+06,10892.2,10937,700,700,-0.189984,-0.0816909,-3.40078,-3.64565,-0.244914,0.626999,0.116891,0.00530898,0.0235788,0.766299,4.18138,296.33,
562,0,0.02,0.0001,49.1963,2000,2.56619,2.52893,3.34284,2.60452,572.656,548.219,2061.56,1973.59,29.125,13.6562,1.58719e+06,10965,11009.8,700,700,-0.162766,-0.0806397,-3.4634,-3.65402,-0.190564,0.651215,0.113436,0.00551689,0.0225767,0.777415,3.47894,295.439,
563,0,0.02,0.0001,48.7634,2000,2.57072,2.53329,3.37956,2.6093,563.438,540.719,2028.38,1946.59,26.8438,13.5,1.56991e+06,10943.7,10987.8,700,700,-0.132297,-0.0776577,-3.51093,-3.6485,-0.137588,0.655833,0.108816,0.00494238,0.0211728,0.791261,3.28638,288.157,
564,0,0.02,0.0001,48.5151,2000,2.58972,2.5472,3.3835,2.63367,571.562,546.969,2057.62,1969.09,27.6875,13.375,1.565e+06,10914.5,10958.7,700,700,-0.141828,-0.0783947,-3.51963,-3.65874,-0.139199,0.651623,0.378304,0.00786597,0.0224205,0.76259,2.05361,302.598,
565,0,0.02,0.0001,50.1739,2000,2.41273,2.37671,3.26303,2.44983,536.344,512,1930.84,1843.2,26.75,13.0625,1.59704e+06,10919.9,10964.8,700,700,-0.14525,-0.0808799,-3.55092,-3.77901,-0.228172,0.682122,0.187784,0.0068557,0.0320178,0.925788,1.31879,279.479,
566,0,0.02,0.0001,50.1781,2000,2.37896,2.34494,3.18977,2.41403,531.5,506.562,1913.4,1823.62,26.625,13.1562,1.58582e+06,10948,10993.3,700,700,-0.146094,-0.0812972,-3.58916,-3.81804,-0.228972,0.675501,0.112416,0.00424991,0.0215607,0.838683,3.14214,303.879,
567,0,0.02,0.0001,53.9981,2000,1.69115,1.66345,2.6647,1.71995,387,368.812,1393.2,1327.72,17.3125,8.34375,1.53566e+06,10946.1,10993.7,700,700,-0.0752812,-0.0886892,-4.25418,-4.64662,-0.392746,0.763656,0.250379,0.00532005,0.0235078,0.920491,3.06411,290.774,
568,0,0.02,0.0001,55.1808,2000,1.5302,1.51212,2.51822,1.54907,352.031,333.625,1267.31,1201.05,16,8.625,1.52502e+06,11003.6,11051.8,700,700,-0.0731875,-0.0887623,-4.35744,-4.7637,-0.406544,0.770195,0.237785,0.00554477,0.0277409,0.99185,2.04504,287.275,
569,0,0.02,0.0001,58.6275,2000,0.984327,0.968866,2.11995,1.00028,241.781,226.156,870.413,814.162,10.6562,4.875,1.58559e+06,11114.7,11164.9,700,700,-0.0467656,-0.095521,-4.88723,-5.44634,-0.559212,0.846025,0.198385,0.00701255,0.0266994,0.873817,3.04053,287.928,
570,0,0.02,0.0001,59.3733,2000,0.814199,0.805314,2.02896,0.823584,203.344,190.281,732.038,685.013,8.125,4.65625,1.58219e+06,11082.5,11133.1,700,700,-0.0267344,-0.0947671,-5.10457,-5.65719,-0.552873,0.866555,0.206139,0.00530013,0.036381,1.10702,0.836609,290.835,
571,0,0.02,0.0001,58.9208,2000,0.869738,0.860023,2.01902,0.879957,211.062,197.594,759.825,711.337,8.25,4.53125,1.54028e+06,11097,11147.2,700,700,-0.0249531,-0.0936526,-4.85097,-5.42058,-0.569876,0.807921,0.208585,0.00553595,0.0216686,1.07844,1.69436,288.254,
572,0,0.02,0.0001,59.0183,2000,0.803679,0.790287,1.80048,0.817768,191.594,178.719,689.737,643.388,8.34375,4.3125,1.55644e+06,11066.7,11117.2,700,700,-0.0357969,-0.0952607,-4.99129,-5.58018,-0.589162,0.824098,0.458312,0.00583002,0.0227215,1.15089,1.44366,294.001,
573,0,0.02,0.0001,53.5884,2000,1.58453,1.56185,2.62398,1.60816,354.562,338.5,1276.43,1218.6,14.8438,8.15625,1.52512e+06,11000.6,11047.7,700,700,-0.0534063,-0.086655,-4.41228,-4.76281,-0.350759,0.758146,0.194011,0.00143086,0.0271128,1.17035,0.547352,282.042,
574,0,0.02,0.0001,54.0117,2000,1.33778,1.31522,2.43947,1.3615,299.812,286.25,1079.32,1030.5,11.1875,5.8125,1.54761e+06,11054.9,11102.3,700,700,-0.0246875,-0.0879511,-4.67258,-5.06649,-0.394215,0.788708,0.193065,0.0146026,0.0602486,0.678683,2.21006,296.171,
575,0,0.02,0.0001,53.8827,2000,1.65708,1.63321,2.64644,1.68201,375.844,355.438,1353.04,1279.58,18.125,9.75,1.53561e+06,10981.5,11028.7,700,700,-0.0941562,-0.0858637,-4.11095,-4.4892,-0.378514,0.732551,0.252213,0.00694556,0.0276819,0.730676,3.1592,287.702,
576,0,0.02,0.0001,59.9979,2000,1.40971,1.39207,2.49917,1.42813,326.625,308.5,1175.85,1110.6,15.9062,8.5625,1.53385e+06,10984.5,11032.6,700,700,-0.0843437,-0.0895941,-4.11123,-4.61167,-0.500685,0.738026,0.136791,0.00423038,0.033241,1.14079,1.53498,300.27,
577,0,0.02,0.0001,54.7757,2000,1.84513,1.81506,2.68756,1.87645,410.438,392,1477.57,1411.2,18.75,9.5625,1.56596e+06,10994.3,11041,700,700,-0.08525,-0.083859,-3.96834,-4.29637,-0.328165,0.704555,0.61425,0.00951289,0.0364013,0.659184,3.23021,293.496,
578,0,0.02,0.0001,52.1791,2000,2.42417,2.38433,3.21154,2.46542,534.969,511.219,1925.89,1840.39,25.3125,12.0625,1.5125e+06,10944.1,10988.8,700,700,-0.124078,-0.0794826,-3.43883,-3.65353,-0.214865,0.632201,0.204233,0.00637853,0.0279771,0.691087,2.34899,298.068,
579,0,0.02,0.0001,54.4307,2000,2.22655,2.19508,3.0926,2.25902,501.219,473.406,1804.39,1704.26,28.7188,13.75,1.56132e+06,10895.7,10941.4,700,700,-0.194078,-0.0851975,-3.48919,-3.82597,-0.336804,0.609573,0.243152,0.0034338,0.0266796,0.918235,2.36576,291.096,
580,0,0.02,0.0001,59.883,2000,2.54432,2.50285,3.34228,2.58692,557.688,534.75,2007.67,1925.1,28.5,12.625,1.60535e+06,10901.8,10945.9,700,700,-0.160125,-0.0803932,-3.35622,-3.57757,-0.221398,0.622457,0.77784,0.00656874,0.0278445,0.636943,3.05312,323.193,
581,0,0.02,0.0001,64.5584,2000,2.55165,2.50867,3.3048,2.59595,558.594,531.781,2010.94,1914.41,31.2812,13.9688,1.5826e+06,10965.2,11009.3,700,700,-0.203328,-0.0817252,-3.30591,-3.55274,-0.246884,0.599069,0.521464,0.00665856,0.0260074,0.690069,3.56961,341.671,
582,0,0.02,0.0001,63.7721,2000,2.40795,2.36709,3.24763,2.45008,529.938,506.594,1907.78,1823.74,27.8125,12.3438,1.59586e+06,11024.4,11068.7,700,700,-0.163891,-0.0827241,-3.45159,-3.72389,-0.272348,0.663338,1.06012,0.00644553,0.0292098,0.685666,3.06365,331.662,
583,0,0.02,0.0001,65.1261,2000,2.3646,2.32783,3.23885,2.40249,522.688,497.844,1881.67,1792.24,28.9688,13.7188,1.57121e+06,10952.6,10997.1,700,700,-0.185609,-0.0838885,-3.50176,-3.79261,-0.290915,0.671264,1.399,0.00682396,0.0255472,0.714439,2.94948,333.488,
584,0,0.02,0.0001,65.0771,2000,2.36119,2.32478,3.2737,2.39879,524.094,503.344,1886.74,1812.04,25.4062,12.5,1.61052e+06,10951,10995.6,700,700,-0.129422,-0.081888,-3.57704,-3.81643,-0.23952,0.721994,0.334341,0.00737765,0.0276222,0.668612,3.39988,337.093,
585,0,0.02,0.0001,64.4751,2000,2.33636,2.30174,3.25029,2.37205,514.938,493.844,1853.78,1777.84,26.3438,13.0625,1.62988e+06,10950.2,10994.6,700,700,-0.148234,-0.0827608,-3.54446,-3.81389,-0.269416,0.69586,0.226308,0.00601134,0.0263477,0.765181,2.40186,333.231,
586,0,0.02,0.0001,65.2899,2000,2.2451,2.20605,3.16384,2.28557,495.375,473.125,1783.35,1703.25,25.6875,12.2188,1.63408e+06,10904.3,10949,700,700,-0.14875,-0.083962,-3.69204,-3.97463,-0.282518,0.692341,0.235769,0.00671929,0.0347408,0.702299,3.01411,324.332,
587,0,0.02,0.0001,51.0067,2000,2.26035,2.22142,3.14862,2.30075,505,480.219,1818,1728.79,25.1875,11.5938,1.51328e+06,10946.4,10991.4,700,700,-0.137703,-0.0841232,-3.51254,-3.83253,-0.320199,0.681764,0.194269,0.00620255,0.0273445,0.774436,2.91088,284.142,
588,0,0.02,0.0001,57.1206,2000,1.9225,1.89107,2.8844,1.955,441.031,419.688,1587.71,1510.88,22.375,10.4375,1.56843e+06,10970.7,11017.5,700,700,-0.125781,-0.0886899,-3.78562,-4.19698,-0.411507,0.725156,0.724019,0.00650642,0.0263,0.80244,2.48139,287.425,
589,0,0.02,0.0001,60.8776,2000,1.43025,1.41215,2.61947,1.4491,339.688,323.781,1222.88,1165.61,16.4062,7.59375,1.58974e+06,11036.1,11084.6,700,700,-0.0842031,-0.0917764,-4.16289,-4.67956,-0.516839,0.770663,0.274264,0.00448803,0.0242027,0.871173,2.26601,281.474,
590,0,0.02,0.0001,59.8243,2000,1.45948,1.43794,2.57487,1.4818,343.094,326.406,1235.14,1175.06,14,6.75,1.53672e+06,10970.6,11019,700,700,-0.0467969,-0.089173,-4.32354,-4.76735,-0.444131,0.776861,0.192483,0.006551,0.0286517,0.698633,2.65513,294.686,
591,0,0.02,0.0001,62.449,2000,1.3701,1.35489,2.45355,1.38588,321.938,304.625,1158.97,1096.65,14.7188,7.65625,1.53379e+06,11033.6,11082.2,700,700,-0.0684687,-0.0906813,-4.22304,-4.73446,-0.511691,0.777399,0.146261,0.0068276,0.0239951,0.893216,1.91474,292.565,
592,0,0.02,0.0001,63.8228,2000,0.766209,0.761285,1.90389,0.771538,194.031,180.188,698.512,648.675,9.0625,5.21875,1.56074e+06,11067,11118.1,700,700,-0.0458438,-0.0955165,-4.71631,-5.36166,-0.645595,0.836518,0.172453,0.00354286,0.0203412,1.10835,0.994831,296.109,
593,0,0.02,0.0001,63.4998,2000,0.592284,0.590496,1.66043,0.594416,153.875,140.438,553.95,505.575,5.5,3.28125,1.57827e+06,11100.1,11151.7,700,700,-0.0122813,-0.0975437,-4.88984,-5.58069,-0.691036,0.846388,0.315386,0.00278284,0.0295553,1.09715,0.757359,290.258,
594,0,0.02,0.0001,63.1737,2000,0.595719,0.588576,1.61787,0.603259,143.531,133.531,516.712,480.712,4.9375,2.8125,1.56314e+06,11138.7,11189.5,700,700,-0.00729687,-0.0967024,-5.00539,-5.66776,-0.662618,0.838981,0.309349,0.00233017,0.029858,1.2349,0.343328,303.358,
595,0,0.02,0.0001,61.4103,2000,0.630342,0.619006,1.54709,0.642464,144.219,133.469,519.188,480.488,5.0625,2.75,1.55075e+06,11129.8,11179.6,700,700,-0.00920312,-0.0974674,-5.29014,-5.89765,-0.607723,0.817743,0.231559,0.00191894,0.0528556,1.20036,0.817898,298.481,
596,0,0.02,0.0001,44.0214,2000,2.83521,2.75901,3.56417,2.9159,536.062,525.156,1929.83,1890.56,19.25,9.8125,1.6522e+06,10984.4,11022.7,700,700,-0.0261719,-0.065766,-3.67421,-3.53033,0.14378,0.675248,0.193082,0.0108047,0.0770339,0.666393,2.20814,293.493,
597,0,0.02,0.0001,54.1472,2000,1.97645,1.92814,2.90522,2.02749,431.156,413.625,1552.16,1489.05,20.8125,10.0312,1.63158e+06,11014,11058.7,700,700,-0.105375,-0.0854487,-3.77085,-4.1253,-0.354486,0.687394,0.20281,0.00711847,0.0347428,1.0188,2.01474,285.601,
598,0,0.02,0.0001,50.7184,2000,2.5126,2.44924,3.26998,2.57926,531.188,512.062,1912.28,1843.42,23.9688,10.5312,1.55875e+06,10897,10939.5,700,700,-0.1035,-0.0789545,-3.71402,-3.82637,-0.112442,0.666616,0.311593,0.00793488,0.0388447,0.732135,3.51681,288.156,
599,0,0.02,0.0001,51.6622,2000,2.39214,2.34308,3.19688,2.44346,510.562,493.781,1838.02,1777.61,22.875,11.2188,1.61075e+06,10970.8,11014,700,700,-0.0962344,-0.0811607,-3.71895,-3.88844,-0.169592,0.684045,0.191386,0.00870594,0.034151,0.721843,3.41157,295.446,
600,0,0.02,0.0001,50.4761,2000,2.58318,2.53337,3.25791,2.63498,563.781,542.656,2029.61,1953.56,24.5312,11.1875,1.59778e+06,10969.6,11013.7,700,700,-0.0966406,-0.0795109,-3.50408,-3.64629,-0.142183,0.658924,0.500905,0.00846123,0.0295647,0.716218,2.99377,268.457,
601,0,0.02,0.0001,51.3544,2000,2.48831,2.44522,3.18719,2.5329,551.375,526.906,1984.95,1896.86,27.5,12.8125,1.56921e+06,10892.6,10937.3,700,700,-0.149047,-0.0819712,-3.46278,-3.68483,-0.222105,0.642482,0.210324,0.00545059,0.0278336,0.938556,1.06453,270.199,
602,0,0.02,0.0001,52.1544,2000,2.71778,2.67514,3.32542,2.76192,594.188,569.719,2139.07,2050.99,29.0625,14.4375,1.55507e+06,10930.9,10974.8,700,700,-0.151078,-0.0777693,-3.29835,-3.42995,-0.131578,0.623797,0.281282,0.00760401,0.0297222,0.699554,2.16081,278.557,
603,0,0.02,0.0001,52.4209,2000,2.71369,2.67372,3.33884,2.75485,601.281,576.219,2164.61,2074.39,27.9062,13,1.57392e+06,10881.2,10925.6,700,700,-0.130484,-0.0783593,-3.33821,-3.47067,-0.132445,0.636342,0.198341,0.00662962,0.0289633,0.741951,3.08859,264.998,
604,0,0.02,0.0001,52.8018,2000,2.55606,2.51923,3.28537,2.59397,575.594,549.406,2072.14,1977.86,28.0312,12.9062,1.52437e+06,10946.8,10991.9,700,700,-0.145766,-0.0816448,-3.4487,-3.64733,-0.198678,0.64905,0.241427,0.00632531,0.0278427,0.748773,2.72841,275.672,
605,0,0.02,0.0001,53.7738,2000,2.6536,2.6123,3.32916,2.69616,589.5,563.875,2122.2,2029.95,30.75,14.5,1.58577e+06,10957.3,11001.8,700,700,-0.179312,-0.0810819,-3.42923,-3.59539,-0.166173,0.62661,0.255527,0.00765431,0.0289086,0.737994,2.53741,287.706,
606,0,0.02,0.0001,57.4557,2000,2.63342,2.59907,3.3021,2.66872,596.969,566.969,2149.09,2041.09,32.4062,15.75,1.53087e+06,10894.5,10939.8,700,700,-0.202609,-0.0819397,-3.38212,-3.57753,-0.195406,0.611207,0.197503,0.00647729,0.0278791,0.715648,2.66895,306.342,
607,0,0.02,0.0001,55.1946,2000,2.62128,2.58219,3.29013,2.66147,597.312,570.125,2150.32,2052.45,29.9375,13.4375,1.55008e+06,10951.5,10997.1,700,700,-0.164,-0.0816137,-3.41799,-3.6061,-0.188021,0.621438,0.11372,0.00671725,0.0268083,0.75823,2.886,319.085,
608,0,0.02,0.0001,56.7108,2000,2.58887,2.54616,3.28427,2.63308,582.688,553.844,2097.67,1993.84,29.3125,14.0938,1.54822e+06,10939.2,10984.1,700,700,-0.162766,-0.0813696,-3.5414,-3.70658,-0.165241,0.636748,0.194022,0.00704573,0.0267587,0.792482,3.13094,320.836,
609,0,0.02,0.0001,62.3492,2000,2.54618,2.50436,3.24122,2.58934,572.062,547.312,2059.42,1970.33,27.75,12.6562,1.52868e+06,10862.2,10907.3,700,700,-0.142594,-0.0818623,-3.60558,-3.77295,-0.167397,0.642917,0.210765,0.00488201,0.0237148,0.736473,2.4986,278.512,
610,0,0.02,0.0001,52.2963,2000,2.45914,2.41807,3.23039,2.50152,547.906,522.125,1972.46,1879.65,29.5625,13.7812,1.57225e+06,10960.8,11005.7,700,700,-0.182375,-0.0835077,-3.63972,-3.84004,-0.200379,0.624367,0.197241,0.00550655,0.0270657,0.737901,2.10789,275.669,
611,0,0.02,0.0001,52.3788,2000,2.48833,2.4474,3.23517,2.53077,551.75,523.531,1986.3,1884.71,29.9062,14.2188,1.54145e+06,10959.4,11004,700,700,-0.186828,-0.0825483,-3.5671,-3.76498,-0.197978,0.612607,0.357951,0.00611142,0.0265791,0.75141,3.18032,275.941,
612,0,0.02,0.0001,51.9465,2000,2.37755,2.3352,3.15045,2.42122,533.719,508.656,1921.39,1831.16,27.3125,11.5625,1.56917e+06,10992.4,11037.8,700,700,-0.155359,-0.085056,-3.61318,-3.8674,-0.254213,0.622551,0.200542,0.00739397,0.0288898,0.787304,2.65008,262.163,
613,0,0.02,0.0001,51.1913,2000,2.37059,2.33134,3.1221,2.41106,534.875,507.781,1925.55,1828.01,28.5625,12.7188,1.56357e+06,11000.4,11046.2,700,700,-0.174547,-0.0843166,-3.5934,-3.84417,-0.250791,0.618369,0.213085,0.00713827,0.0283649,0.742024,3.18329,280.937,
614,0,0.02,0.0001,49.8113,2000,2.50878,2.46467,3.248,2.55423,560.125,533.875,2016.45,1921.95,29.6875,12.875,1.56928e+06,10956.8,11001.8,700,700,-0.178375,-0.0830171,-3.46046,-3.69647,-0.236041,0.607382,0.124149,0.00649032,0.0248687,0.785894,2.8541,291.661,
615,0,0.02,0.0001,51.4591,2000,2.22993,2.1904,3.08234,2.2708,503.844,480.062,1813.84,1728.22,26.7188,12.2188,1.5446e+06,10959.9,11005.9,700,700,-0.16075,-0.0855986,-3.56495,-3.88355,-0.318648,0.635043,0.190246,0.00270088,0.020186,1.08433,0.894665,280.67,
616,0,0.02,0.0001,49.6032,2000,2.55059,2.50697,3.22773,2.59556,565.781,537.125,2036.81,1933.65,30.5625,13.4062,1.58879e+06,10999.6,11044.4,700,700,-0.189875,-0.0824435,-3.52989,-3.7282,-0.198346,0.599804,0.295926,0.00687368,0.0268436,0.75727,4.32514,271.32,
617,0,0.02,0.0001,47.421,2000,2.71807,2.66604,3.40281,2.77179,584.812,557,2105.32,2005.2,31.6875,13.4688,1.6149e+06,10909.3,10952.5,700,700,-0.196813,-0.079713,-3.48678,-3.6137,-0.126949,0.587491,0.20763,0.00681911,0.0273915,0.752314,3.67172,264.034,
618,0,0.02,0.0001,50.522,2000,2.28394,2.2471,2.99354,2.32211,500.281,476.156,1801.01,1714.16,27.8125,13.2812,1.58337e+06,10966.2,11011.4,700,700,-0.179109,-0.0832425,-3.57038,-3.84593,-0.275565,0.643791,0.28463,0.00589335,0.0243414,0.762507,4.06063,283.204,
619,0,0.02,0.0001,47.0216,2000,2.81278,2.75966,3.42668,2.86795,597.156,572.562,2149.76,2061.22,31.4062,14.7812,1.60649e+06,10895.3,10938.1,700,700,-0.184812,-0.0765203,-3.32377,-3.42609,-0.102303,0.607776,0.18341,0.00619234,0.0270651,0.774169,3.90747,286.049,
620,0,0.02,0.0001,47.2458,2000,2.80758,2.75355,3.43725,2.86351,598.438,571.531,2154.38,2057.51,32.5312,14.3125,1.57996e+06,10869.7,10912.4,700,700,-0.202203,-0.0784215,-3.2967,-3.44194,-0.145294,0.596824,0.108336,0.00580412,0.025915,0.824109,3.8037,264.11,
621,0,0.02,0.0001,46.8971,2000,2.67629,2.62625,3.36722,2.72829,558.531,536.094,2010.71,1929.94,28.3125,13.5312,1.63772e+06,10964.3,11006.8,700,700,-0.156641,-0.0761877,-3.35402,-3.49299,-0.138998,0.617003,0.102913,0.00637527,0.0251049,0.836408,3.0824,280.02,
622,0,0.02,0.0001,46.8817,2000,2.88024,2.82865,3.49737,2.9337,599.312,573.719,2157.53,2065.39,30.875,14.7812,1.60214e+06,10922.1,10963.8,700,700,-0.176266,-0.0740114,-3.11787,-3.22403,-0.106183,0.600224,0.181212,0.00558941,0.0221827,0.853986,3.37379,277.478,
623,0,0.02,0.0001,45.5522,2000,2.86961,2.81268,3.53262,2.92892,588.406,565.656,2118.26,2036.36,28.9062,13.75,1.59518e+06,10892.5,10933.7,700,700,-0.150766,-0.0735603,-3.12699,-3.22572,-0.0986969,0.607598,0.0972671,0.00647272,0.0231512,0.905145,1.87069,267.019,
624,0,0.02,0.0001,45.7957,2000,2.88537,2.83699,3.53808,2.93546,597.406,570.188,2150.66,2052.68,32.5938,15.7812,1.63171e+06,10946,10987.5,700,700,-0.203813,-0.0746049,-3.10765,-3.2274,-0.119752,0.571994,0.192153,0.00593954,0.0223764,0.831319,3.29325,278.455,
625,0,0.02,0.0001,46.792,2000,2.72986,2.67952,3.47065,2.78221,565.469,541.281,2035.69,1948.61,28.9375,14.3438,1.59497e+06,10932.2,10974.2,700,700,-0.163422,-0.0751305,-3.10434,-3.27962,-0.175322,0.596534,0.105042,0.00546425,0.0231118,0.857388,4.01824,279.314,
626,0,0.02,0.0001,48.6358,2000,2.93102,2.8795,3.5739,2.98435,603.469,578.75,2172.49,2083.5,29.875,14.375,1.59949e+06,10903.2,10944.6,700,700,-0.15875,-0.071968,-2.9338,-3.05107,-0.117287,0.576254,0.183732,0.00546588,0.0233228,0.875646,2.11806,274.802,
627,0,0.02,0.0001,48.8394,2000,2.79531,2.74211,3.45328,2.85057,569.25,548.406,2049.3,1974.26,27.1562,13.125,1.62927e+06,10965.2,11006.8,700,700,-0.133141,-0.0720529,-2.86821,-3.0426,-0.174373,0.574094,0.108561,0.00456143,0.0225252,0.865923,2.31453,281.242,
628,0,0.02,0.0001,46.3174,2000,2.87819,2.82392,3.57247,2.93462,585.875,563.938,2109.15,2030.17,29.7188,14.5938,1.63169e+06,10930.4,10971.5,700,700,-0.163812,-0.0715736,-2.8153,-2.9734,-0.158097,0.558368,0.227587,0.00515889,0.0225533,0.887801,4.00318,291.281,
629,0,0.02,0.0001,48.6183,2000,2.97228,2.9216,3.60201,3.02472,611.25,586.5,2200.5,2111.4,30.5,14.6562,1.62701e+06,10910,10951.2,700,700,-0.16425,-0.0710499,-2.79552,-2.92699,-0.131487,0.546313,0.25005,0.00543596,0.0222611,0.869256,2.86112,280.376,
630,0,0.02,0.0001,50.3818,2000,2.59293,2.55152,3.31701,2.63584,536.781,513.375,1932.41,1848.15,28.9688,13.6562,1.66658e+06,10996,11038.9,700,700,-0.177844,-0.0765397,-2.88079,-3.16695,-0.286114,0.554442,0.186867,0.00541803,0.0228152,0.875635,3.31828,302.476,
631,0,0.02,0.0001,47.1448,2000,2.84058,2.78826,3.52307,2.89461,584.812,559.188,2105.32,2013.07,33.0625,14.7188,1.61803e+06,10882.6,10924.2,700,700,-0.216344,-0.0751832,-2.77217,-3.01512,-0.242972,0.512759,0.181093,0.00471167,0.0225305,0.855258,4.41262,289.459,
632,0,0.02,0.0001,49.8341,2000,2.84619,2.79922,3.53142,2.89474,599.875,574.719,2159.55,2068.99,31.5,14.875,1.63443e+06,10910,10952.4,700,700,-0.185141,-0.0748692,-2.76279,-2.99606,-0.233285,0.544099,0.108262,0.00512309,0.0229852,0.876882,4.50796,281.507,
633,0,0.02,0.0001,48.5084,2000,2.77436,2.72982,3.49227,2.82032,586.875,564.094,2112.75,2030.74,27.7188,13.125,1.57719e+06,10975.2,11017.9,700,700,-0.133734,-0.073974,-2.80969,-3.03363,-0.223965,0.566242,0.204146,0.00463047,0.0209556,0.864602,2.87376,284.196,
634,0,0.02,0.0001,47.0412,2000,2.94457,2.89565,3.60569,2.99517,609.594,585.469,2194.54,2107.69,31.0938,15.2188,1.64524e+06,10955.8,10997.4,700,700,-0.173672,-0.0722874,-2.88162,-3.0194,-0.137741,0.556472,0.182467,0.00423668,0.0209987,0.889053,2.81008,280.522,
635,0,0.02,0.0001,48.9357,2000,2.98879,2.93469,3.61739,3.04468,617.562,594.625,2223.23,2140.65,31.4062,14.375,1.68348e+06,10924.7,10966.2,700,700,-0.173781,-0.0721115,-2.88921,-3.0151,-0.12587,0.543221,0.210437,0.00404656,0.0223951,0.87524,2.79934,286.807,
636,0,0.02,0.0001,50.9533,2000,2.97071,2.91704,3.63025,3.02634,608.688,585.031,2191.28,2106.11,32.3125,15.4375,1.66152e+06,10932.7,10973.9,700,700,-0.192172,-0.0715676,-2.85398,-2.98325,-0.129249,0.541156,0.345885,0.00566502,0.0232286,0.860165,3.34558,265.149,
637,0,0.02,0.0001,49.2489,2000,2.88553,2.83378,3.5548,2.9392,576.25,555.406,2074.5,1999.46,29.0938,13.9375,1.63513e+06,10911.8,10952.6,700,700,-0.158703,-0.0699703,-2.79675,-2.95392,-0.15721,0.569584,0.349592,0.00643941,0.0240339,0.860124,2.32877,275.98,
638,0,0.02,0.0001,45.5825,2000,2.93201,2.87609,3.57993,2.99006,585.781,563.469,2108.81,2028.49,29.625,13.8125,1.62126e+06,10938.3,10979,700,700,-0.162641,-0.0700179,-2.62991,-2.82435,-0.194422,0.526346,0.17797,0.00592998,0.0223917,0.881702,3.48428,277.959,
639,0,0.02,0.0001,44.7854,2000,2.96698,2.9095,3.56742,3.02686,596.531,572.812,2147.51,2062.12,30.6875,15.1875,1.66399e+06,10951.9,10992.6,700,700,-0.173906,-0.0695209,-2.51201,-2.71608,-0.20409,0.52641,0.100324,0.00477632,0.0230856,0.909515,3.55871,264.628,
640,0,0.02,0.0001,44.181,2000,2.98784,2.9249,3.62266,3.05375,597,575.938,2149.2,2073.38,28.8125,14.4375,1.6612e+06,10956.9,10997.2,700,700,-0.144219,-0.0681145,-2.52828,-2.70221,-0.173972,0.554122,0.196555,0.00525379,0.0221653,0.899566,2.9556,284.096,
641,0,0.02,0.0001,43.7646,2000,2.97458,2.90898,3.63733,3.04331,586.594,562.562,2111.74,2025.22,32.9062,15.8438,1.6296e+06,10915.1,10954.8,700,700,-0.212313,-0.0701898,-2.49074,-2.71797,-0.22723,0.521317,0.0989425,0.0050792,0.0237461,0.890347,2.75168,277.831,
642,0,0.02,0.0001,45.7099,2000,2.5583,2.5006,3.46605,2.61848,518.219,497.375,1865.59,1790.55,28.5312,12.5,1.70118e+06,10976.4,11017.4,700,700,-0.179281,-0.0770139,-2.66883,-3.04948,-0.380608,0.60986,0.393217,0.00448658,0.0229522,0.916486,4.13169,262.167,
643,0,0.02,0.0001,55.1912,2000,1.12816,1.10706,2.27122,1.15044,256.562,238.5,923.625,858.6,13.75,7.15625,1.52239e+06,11031.5,11079.4,700,700,-0.087,-0.0920629,-3.59235,-4.33645,-0.744374,0.804616,0.20288,0.00190674,0.0571967,1.27704,1.33801,276.039,
644,0,0.02,0.0001,54.4563,2000,1.20765,1.18475,2.33095,1.23174,267.656,252.906,963.562,910.462,11,5.59375,1.49188e+06,11051.1,11098.3,700,700,-0.0385469,-0.0906202,-3.72154,-4.40984,-0.688652,0.804506,0.211534,0.00527638,0.0308599,1.09455,2.13306,283.148,
645,0,0.02,0.0001,61.4461,2000,1.30303,1.28606,2.36143,1.32087,275.594,262.344,992.138,944.438,10.75,5.9375,1.54254e+06,11073,11119.6,700,700,-0.0300781,-0.0861819,-3.81144,-4.3906,-0.579466,0.803477,1.06639,0.00699318,0.0280414,0.953622,3.34064,296.921,
646,0,0.02,0.0001,70.7235,2000,1.01777,1.00312,2.24651,1.03313,227.906,215.219,820.463,774.788,9.21875,5.40625,1.5733e+06,11078.1,11126.1,700,700,-0.0306719,-0.0903959,-4.17919,-4.8183,-0.63934,0.839349,1.78388,0.0075939,0.0355078,1.20226,0.921619,370.496,
647,0,0.02,0.0001,70.3679,2000,1.00239,0.983705,2.22959,1.02211,225.906,213.438,813.263,768.375,8.6875,4.625,1.48674e+06,11108.1,11155.7,700,700,-0.0235938,-0.0922756,-4.18594,-4.85759,-0.672038,0.797364,0.285607,0.00140049,0.0198626,1.28695,0.930024,332.248,
648,0,0.02,0.0001,67.8673,2000,1.26638,1.23282,2.30746,1.30224,242.656,232.906,873.562,838.462,7.78125,4.40625,1.50562e+06,11087.4,11132.5,700,700,-0.000265625,-0.0833498,-4.40689,-4.86304,-0.456513,0.800845,1.93846,0.00815606,0.0323162,0.943356,2.37026,316.102,
649,0,0.02,0.0001,50.7134,2000,1.61395,1.5761,2.76771,1.65432,309.219,293.5,1113.19,1056.6,13.625,7.25,1.48203e+06,11039.7,11082.2,700,700,-0.057625,-0.0802186,-3.98719,-4.40918,-0.422489,0.759979,0.18868,0.00916466,0.0292526,1.13814,0.957276,273.872,
650,0,0.02,0.0001,51.0512,2000,1.43104,1.38768,2.4485,1.47794,255.906,244.938,921.262,881.775,9.9375,5.125,1.48486e+06,11062.7,11105.9,700,700,-0.0265937,-0.0820246,-4.24895,-4.69055,-0.442055,0.752701,0.239798,0.00704084,0.0284643,0.954695,1.98698,274.395,
651,0,0.02,0.0001,56.0711,2000,0.83393,0.817938,2.08578,0.851106,179.094,168.062,644.737,605.025,7.125,3.71875,1.48773e+06,11094.9,11141.6,700,700,-0.0228437,-0.0927922,-4.56151,-5.23122,-0.670077,0.807047,0.201383,0.003627,0.0355953,1.17049,0.782617,278.652,
652,0,0.02,0.0001,55.588,2000,1.01036,0.980971,2.32869,1.04185,206.688,197.125,744.075,709.65,6.59375,3.28125,1.44985e+06,11073.2,11117.7,700,700,-0.00034375,-0.0884298,-4.26601,-4.89394,-0.628335,0.80749,0.556153,0.00844226,0.0327579,0.893818,2.16217,327.666,
653,0,0.02,0.0001,71.4208,2000,0.554305,0.540336,1.69919,0.569284,127.25,117.625,458.1,423.45,4.8125,2.71875,1.54811e+06,11129.6,11178.3,700,700,-0.013375,-0.0959954,-4.51091,-5.28455,-0.773894,0.850844,0.456834,0.00414619,0.0276672,1.22674,0.685598,347.849,
654,0,0.02,0.0001,57.8963,2000,1.64519,1.57595,2.57616,1.7217,261.094,257.875,939.938,928.35,8.75,5.03125,1.63586e+06,11055,11095.2,700,700,-0.0023125,-0.0764214,-4.06528,-4.39565,-0.330456,0.769411,0.346971,0.00448811,0.0321445,1.15441,0.602222,358.614,
655,0,0.02,0.0001,39.2631,2000,2.54772,2.43158,3.46174,2.67693,357.312,357.219,1286.33,1285.99,12.125,7.09375,1.61225e+06,11040.6,11073.6,700,700,-0.00326562,-0.0543391,-3.60228,-3.54073,0.0615223,0.721637,0.208736,0.00305022,0.0206195,1.18518,0.498224,276.25,
656,0,0.02,0.0001,42.21,2000,2.32789,2.23512,3.27744,2.43014,344.062,342.875,1238.62,1234.35,11.5625,6.96875,1.69711e+06,11010.8,11046,700,700,-0.002,-0.0589065,-3.98017,-3.94204,0.0378154,0.742125,0.292552,0.012713,0.121436,0.789603,3.23535,275.228,
657,0,0.02,0.0001,61.6998,2000,0.677726,0.665573,1.69566,0.690772,163.844,151.688,589.837,546.075,6.3125,3.96875,1.52398e+06,11135.7,11185.6,700,700,-0.0188437,-0.0978674,-4.60354,-5.34598,-0.742802,0.831275,0.25782,0.0115692,0.0363827,1.03392,2.12357,277.67,
658,0,0.02,0.0001,63.1214,2000,0.493487,0.4836,1.45612,0.504061,124,113.844,446.4,409.837,5.40625,2.53125,1.55407e+06,11134,11185.1,700,700,-0.0241719,-0.102139,-4.6449,-5.48567,-0.841014,0.817467,0.214441,-0.00122032,0.0446528,1.16927,0.577568,297.234,
659,0,0.02,0.0001,45.985,2000,2.91546,2.81387,3.36466,3.02523,551.656,537,1985.96,1933.2,24.75,12.3438,1.67055e+06,10970.2,11008.8,700,700,-0.10275,-0.067199,-2.72069,-2.83537,-0.114762,0.575412,0.178741,0.0114083,0.0453914,0.830977,3.16754,289.888,
660,0,0.02,0.0001,44.3035,2000,2.76552,2.67856,3.25246,2.85867,530.281,511.188,1909.01,1840.28,27.2188,13.1562,1.5972e+06,10976.6,11016.3,700,700,-0.152688,-0.0721443,-2.75977,-2.97605,-0.216348,0.550286,0.253082,0.00976398,0.0333849,0.871322,3.52445,272.048,
661,0,0.02,0.0001,46.2558,2000,2.86111,2.78363,3.39436,2.94286,551.312,534.094,1984.72,1922.74,27.5625,12.2188,1.6642e+06,10937.4,10976.8,700,700,-0.146391,-0.0729582,-2.80107,-2.99164,-0.190587,0.530089,0.351459,0.00779956,0.0307931,0.844495,3.42949,286.349,
662,0,0.02,0.0001,45.9999,2000,2.98027,2.91078,3.50999,3.05311,580.812,557.938,2090.93,2008.57,33.3125,15.7812,1.63295e+06,10932.3,10971.6,700,700,-0.220719,-0.0732966,-2.71237,-2.902,-0.189587,0.521311,-0.04134,0.00794349,0.0309875,0.834773,3.3288,267.917,
663,0,0.02,0.0001,46.6149,2000,2.85166,2.7865,3.46893,2.91995,566.812,541.969,2040.53,1951.09,31.875,15.125,1.62861e+06,10921.2,10961.3,700,700,-0.207141,-0.0747648,-2.82449,-3.04366,-0.219225,0.555904,0.164349,0.00687439,0.0285134,0.822837,2.23282,275.103,
664,0,0.02,0.0001,45.8168,2000,2.79861,2.73551,3.43446,2.86469,552.875,532.406,1990.35,1916.66,28.0625,13.3438,1.63429e+06,10982.6,11022.7,700,700,-0.154734,-0.0737362,-2.85408,-3.06202,-0.208042,0.59889,0.204732,0.00691723,0.0265104,0.851741,2.94609,261.844,
665,0,0.02,0.0001,45.1702,2000,2.72967,2.67037,3.42046,2.79192,543.781,522.719,1957.61,1881.79,27.75,13.9062,1.59279e+06,10962.8,11003.5,700,700,-0.154891,-0.0739996,-2.94172,-3.1551,-0.213457,0.607847,0.167278,0.00412837,0.0230378,1.08477,1.3489,272.026,
666,0,0.02,0.0001,43.5074,2000,3.06691,3.00377,3.62319,3.13278,585.469,565.156,2107.69,2034.56,28.875,13.4375,1.63799e+06,10916.8,10955.6,700,700,-0.150547,-0.0678055,-2.86497,-2.92528,-0.060392,0.564638,0.158346,0.008397,0.0313601,0.813598,3.16933,283.292,
667,0,0.02,0.0001,46.8324,2000,2.78667,2.72668,3.45167,2.8494,537.531,518.156,1935.11,1865.36,27.1562,13.1875,1.6284e+06,10964.6,11004.3,700,700,-0.148266,-0.0718934,-2.83112,-3.02962,-0.198564,0.588422,0.161377,0.00660734,0.0262568,0.955499,3.12667,276.096,
668,0,0.02,0.0001,45.5347,2000,2.91015,2.8471,3.58638,2.97587,558.375,537.906,2010.15,1936.46,30.2812,13.75,1.67951e+06,10980.5,11019.4,700,700,-0.185266,-0.0724261,-2.82364,-3.00282,-0.179159,0.562478,0.157423,0.00711031,0.0283948,0.803565,2.66493,292.183,
669,0,0.02,0.0001,46.6317,2000,2.92097,2.85869,3.596,2.98585,560.938,540.875,2019.38,1947.15,31.2812,14.2812,1.65908e+06,10997,11036,700,700,-0.198781,-0.0730744,-2.78427,-2.9804,-0.196072,0.562434,0.193296,0.00815588,0.0270237,0.822755,3.83569,306.451,
670,0,0.02,0.0001,46.0026,2000,2.88451,2.82665,3.60727,2.94471,559.25,539.75,2013.3,1943.1,29.2812,13.8438,1.70198e+06,10957.7,10997,700,700,-0.169344,-0.0717454,-2.78304,-2.97515,-0.192153,0.584771,0.23247,0.00756388,0.0251175,0.825713,2.02036,287.942,
671,0,0.02,0.0001,49.0503,2000,2.88816,2.82805,3.59235,2.95055,565.5,542.25,2035.8,1952.1,31.4375,13.75,1.64523e+06,10902.4,10941.8,700,700,-0.200438,-0.0747342,-2.66483,-2.9299,-0.265117,0.53374,0.182786,0.00595177,0.0243088,0.867013,3.69928,300.4,
672,0,0.02,0.0001,46.4361,2000,2.71525,2.66302,3.47084,2.76953,539.531,518.125,1942.31,1865.25,28.75,13.625,1.63317e+06,10948.5,10989.1,700,700,-0.172187,-0.0750973,-2.82182,-3.08783,-0.266101,0.581192,0.165459,0.00668773,0.0237304,0.871901,4.3735,278.877,
673,0,0.02,0.0001,44.9557,2000,2.78569,2.7346,3.58248,2.83868,555.719,536.812,2000.59,1932.53,26.875,12.6562,1.67567e+06,10905,10945.3,700,700,-0.134719,-0.0726854,-2.87434,-3.08122,-0.206919,0.608239,0.190961,0.00761961,0.0247599,0.843562,3.31149,261.291,
674,0,0.02,0.0001,44.4456,2000,2.8237,2.76259,3.55575,2.88736,551.594,529.219,1985.74,1905.19,31.5312,14.3438,1.66058e+06,10885.8,10925.6,700,700,-0.208359,-0.0738668,-2.8428,-3.06562,-0.222779,0.559807,0.164364,0.00641971,0.0255439,0.833872,3.3191,274.971,
675,0,0.02,0.0001,43.7333,2000,2.8244,2.76349,3.60013,2.88786,544.938,526.875,1961.77,1896.75,30.4375,13.7812,1.74739e+06,10959.2,10998.5,700,700,-0.193125,-0.0729844,-2.83239,-3.05016,-0.217795,0.586665,0.194388,0.006437,0.025407,0.834523,3.53721,281.521,
676,0,0.02,0.0001,45.2785,2000,2.51612,2.46057,3.48951,2.57389,499.219,480.312,1797.19,1729.12,26.1875,11.4062,1.64363e+06,10971.9,11012.3,700,700,-0.152656,-0.0760724,-3.02012,-3.32853,-0.308491,0.665344,0.335938,0.00717017,0.0263595,0.881294,3.48404,264.249,
677,0,0.02,0.0001,46.2487,2000,2.38399,2.3384,3.41592,2.43135,474.969,458.844,1709.89,1651.84,24.875,11.4375,1.76205e+06,10943.4,10984.4,700,700,-0.143703,-0.0763361,-3.14581,-3.47019,-0.324251,0.710987,0.165607,0.00454538,0.0236515,1.00291,2.11515,274.925,
678,0,0.02,0.0001,51.3624,2000,1.62734,1.59014,2.73791,1.66658,332.312,318.531,1196.32,1146.71,13.6875,6.6875,1.58193e+06,11076.7,11121.3,700,700,-0.0460469,-0.0816566,-3.99095,-4.4077,-0.417069,0.810934,0.173973,0.00352667,0.0325249,1.13179,1.09512,293.769,
679,0,0.02,0.0001,40.7669,2000,3.09174,3.01278,3.75285,3.17471,549,533.375,1976.4,1920.15,27.1875,12.2812,1.71637e+06,10970.5,11007.1,700,700,-0.141125,-0.0609097,-2.74857,-2.76747,-0.0189119,0.54577,0.147984,0.00953758,0.0438919,0.722221,4.49793,259.793,
680,0,0.02,0.0001,42.4045,2000,2.97179,2.89961,3.7089,3.04742,555.625,534.875,2000.25,1925.55,28.625,13,1.66962e+06,10976,11014,700,700,-0.161938,-0.0656596,-2.69032,-2.82586,-0.135612,0.579952,0.155676,0.00785022,0.0289868,0.77995,4.39993,280.394,
681,0,0.02,0.0001,42.8209,2000,2.91963,2.85764,3.62131,2.98438,554.188,533.906,1995.07,1922.06,27.6562,13.2812,1.62955e+06,10911.4,10950.1,700,700,-0.147891,-0.0662427,-2.65484,-2.80241,-0.147606,0.587242,0.283202,0.0077255,0.0283022,0.767987,3.39986,271.478,
682,0,0.02,0.0001,43.7154,2000,2.79948,2.74472,3.60861,2.85636,540.875,522.781,1947.15,1882.01,28.7812,13.1562,1.71237e+06,10902.6,10941.9,700,700,-0.170328,-0.0704953,-2.63731,-2.88223,-0.244985,0.594897,0.158215,0.00470966,0.0336734,1.06595,1.74457,274.425,
683,0,0.02,0.0001,42.9042,2000,2.99328,2.93173,3.66737,3.05743,564.406,546.312,2031.86,1966.73,28.7812,13.5625,1.70601e+06,10969.1,11007.6,700,700,-0.158562,-0.065409,-2.58225,-2.72264,-0.140439,0.558841,0.150973,0.00784552,0.0302103,0.780119,3.96953,274.941,
684,0,0.02,0.0001,41.417,2000,3.00381,2.92714,3.76228,3.08409,555.375,538.656,1999.35,1939.16,28.7812,12.4375,1.72048e+06,10949,10986.4,700,700,-0.162391,-0.0654532,-2.58104,-2.72729,-0.146217,0.60717,0.152049,0.00839357,0.0283877,0.726836,3.87069,287.231,
685,0,0.02,0.0001,41.4774,2000,2.83282,2.75194,3.71043,2.91777,520.594,505.719,1874.14,1820.59,26.2812,10.6562,1.72528e+06,10966.7,11003.8,700,700,-0.141359,-0.0677742,-2.79046,-2.97006,-0.179666,0.678382,0.161396,0.00838324,0.0290025,0.73701,2.69008,278.829,
686,0,0.02,0.0001,43.0502,2000,2.79113,2.72975,3.66062,2.85524,529.156,510.25,1904.96,1836.9,27.5938,12.9688,1.64349e+06,10974,11012.5,700,700,-0.158781,-0.0685251,-2.74083,-2.94678,-0.206046,0.661372,0.157383,0.00663791,0.0277752,0.757231,2.68961,267.003,
687,0,0.02,0.0001,43.237,2000,2.81834,2.75857,3.69552,2.88068,539.719,521.875,1942.99,1878.75,26.625,12.9688,1.62114e+06,10915.3,10954.1,700,700,-0.138437,-0.0669659,-2.78194,-2.94565,-0.16387,0.642372,0.15797,0.00811718,0.0306785,0.705709,2.97106,283.884,
688,0,0.02,0.0001,43.672,2000,2.82245,2.76693,3.66353,2.88019,540.188,521.688,1944.68,1878.07,27.9688,13.2812,1.64558e+06,10916.2,10955.1,700,700,-0.158688,-0.0680883,-2.57705,-2.80871,-0.231717,0.612688,0.153759,0.00708254,0.0242142,0.840899,2.2759,279.337,
689,0,0.02,0.0001,48.1712,2000,2.44817,2.39736,3.39078,2.5013,464.938,451.469,1673.78,1625.29,20.875,10.625,1.67461e+06,10957.3,10997.6,700,700,-0.0873906,-0.0691456,-2.98585,-3.23801,-0.252296,0.686566,0.167185,0.00668321,0.0310867,0.85095,2.15546,281.625,
690,0,0.02,0.0001,56.5158,2000,2.31333,2.25495,3.38161,2.37496,443.344,431.625,1596.04,1553.85,20.875,9.84375,1.79173e+06,10988.5,11029,700,700,-0.0973125,-0.0719887,-2.95293,-3.29056,-0.337583,0.669293,0.298244,0.00858384,0.0298936,0.754619,2.64708,312.267,
691,0,0.02,0.0001,60.8304,2000,2.10666,2.06011,3.09796,2.15557,413.344,398.188,1488.04,1433.47,16.7188,8.875,1.53222e+06,11001.9,11044.1,700,700,-0.0516875,-0.0731102,-3.07273,-3.44836,-0.375984,0.710226,0.492135,0.0061561,0.0315883,0.860427,2.85481,315.671,
692,0,0.02,0.0001,68.4425,2000,1.1342,1.11418,2.41074,1.15529,251.094,234.906,903.938,845.663,11.8125,6.40625,1.49384e+06,11023.6,11070.3,700,700,-0.0597344,-0.0890334,-3.67871,-4.37315,-0.694774,0.787727,4.50906,0.00693067,0.0293154,0.776285,3.54531,313.817,
693,0,0.02,0.0001,59.2375,2000,1.65678,1.61731,2.78181,1.69858,323.562,310.438,1164.82,1117.58,12.5312,6.53125,1.52473e+06,11037.8,11081.4,700,700,-0.03275,-0.0792117,-3.42586,-3.91302,-0.487497,0.759317,0.316526,0.0195661,0.0632209,1.04789,0.95375,294.366,
694,0,0.02,0.0001,51.6443,2000,2.06201,2.00382,3.19344,2.12439,369.094,361.906,1328.74,1302.86,12.0625,6.3125,1.64398e+06,11034.5,11074.2,700,700,1.5625e-05,-0.0698765,-3.38491,-3.67346,-0.28874,0.739516,0.190976,0.00819424,0.0342501,0.799121,1.37498,272.833,
695,0,0.02,0.0001,48.36,2000,1.8678,1.82335,3.06194,1.91448,355.469,343.5,1279.69,1236.6,13.5625,5.96875,1.54914e+06,11073.6,11115.2,700,700,-0.0316875,-0.0754874,-3.48353,-3.87806,-0.394916,0.758146,0.443514,0.00925151,0.0374671,0.664754,3.07112,273.59,
696,0,0.02,0.0001,51.409,2000,1.61847,1.58683,2.80919,1.65142,332.812,321.5,1198.12,1157.4,14.375,6.46875,1.67021e+06,11097.8,11142.3,700,700,-0.054875,-0.0836519,-3.49899,-4.03785,-0.538884,0.780699,0.449088,0.00736877,0.0259017,0.825577,2.17559,271.388,
697,0,0.02,0.0001,50.1832,2000,1.71936,1.69151,2.88629,1.74842,361.156,345.094,1300.16,1242.34,17.6875,8.71875,1.57947e+06,11045.4,11089.8,700,700,-0.0927656,-0.0835758,-3.43575,-3.9554,-0.519859,0.756471,0.197972,0.00588535,0.025695,0.919365,1.17752,294.155,
698,0,0.02,0.0001,50.5098,2000,1.6529,1.61763,2.84797,1.68967,347.25,333.656,1250.1,1201.16,13.8125,6.28125,1.552e+06,11081.7,11126.2,700,700,-0.0403594,-0.0835471,-3.50433,-4.02355,-0.51943,0.771001,0.269944,0.00605122,0.0241412,0.9634,1.23444,282.005,
699,0,0.02,0.0001,47.5069,2000,2.24554,2.19074,3.33303,2.3032,412.125,399.812,1483.65,1439.33,18.5,9.59375,1.6498e+06,10935.4,10974.7,700,700,-0.0775938,-0.0704992,-3.36132,-3.59256,-0.231426,0.714018,0.228254,0.00777154,0.035345,0.73987,2.46162,282.871,
700,0,0.02,0.0001,48.373,2000,2.21382,2.16355,3.41756,2.26668,425.906,415.406,1533.26,1495.46,17.125,8.75,1.69639e+06,10976.1,11016.2,700,700,-0.0491719,-0.0717684,-3.34816,-3.60246,-0.254324,0.715966,0.170583,0.00852602,0.0334172,0.700403,3.23856,281.84,
701,0,0.02,0.0001,51.9273,2000,1.60818,1.5651,2.91819,1.65344,319.031,311.094,1148.51,1119.94,12.375,5.34375,1.64609e+06,11092.9,11135.7,700,700,-0.0300781,-0.0809714,-3.82034,-4.26184,-0.441686,0.757124,0.175263,0.00495654,0.0300706,0.888574,1.32575,274.229,
702,0,0.02,0.0001,55.2804,2000,1.84486,1.8099,3.11445,1.88153,362.969,348.625,1306.69,1255.05,14.6875,7.96875,1.5723e+06,10998.7,11040.7,700,700,-0.046,-0.0760807,-3.68664,-4.03001,-0.34367,0.742334,0.381214,0.00699887,0.0325832,0.948561,1.82051,354.495,
703,0,0.02,0.0001,53.9876,2000,2.22334,2.16944,3.38637,2.28014,403.062,396.156,1451.03,1426.16,15.6875,8.46875,1.73118e+06,11070.5,11109.4,700,700,-0.0372344,-0.0688097,-3.55082,-3.72159,-0.17091,0.733635,0.18836,0.00851724,0.0365983,0.753367,2.42666,285.531,
704,0,0.02,0.0001,50.8654,2000,1.93228,1.87956,3.23998,1.98846,357.625,349.188,1287.45,1257.08,13.0625,6.53125,1.62014e+06,11009,11048.9,700,700,-0.0213438,-0.0725642,-3.79653,-4.05408,-0.257785,0.76449,0.199624,0.0078877,0.0297418,0.815143,1.92293,290.164,
705,0,0.02,0.0001,51.9905,2000,1.96577,1.91942,3.28927,2.01482,372.25,362.25,1340.1,1304.1,14,7.4375,1.58774e+06,11005.5,11045.5,700,700,-0.028875,-0.0726482,-3.9573,-4.17397,-0.216861,0.75688,0.291806,0.00767704,0.0281318,0.824196,1.27793,286.845,
706,0,0.02,0.0001,49.7458,2000,1.94367,1.88957,3.21941,2.00126,366.594,354.25,1319.74,1275.3,15.8125,8,1.57713e+06,11033.5,11073.6,700,700,-0.0600625,-0.0742409,-4.01478,-4.24713,-0.232698,0.750855,0.226247,0.0090368,0.0385653,0.833475,1.33687,296.21,
707,0,0.02,0.0001,50.7951,2000,1.90848,1.86667,3.14612,1.95275,348.469,340.562,1254.49,1226.03,14,7.1875,1.69324e+06,11021.7,11062.3,700,700,-0.0397187,-0.0731851,-4.0849,-4.31047,-0.225783,0.75425,0.180582,0.00791013,0.0456308,0.604545,2.78354,286.084,
708,0,0.02,0.0001,47.3592,2000,2.52932,2.47113,3.65622,2.59002,464.5,455.594,1672.2,1640.14,20.5938,9.28125,1.82534e+06,10998.3,11036.4,700,700,-0.0811094,-0.0667993,-3.1529,-3.30602,-0.153031,0.679125,0.17175,0.00904287,0.0355669,0.643426,2.69802,299.485,
709,0,0.02,0.0001,49.9913,2000,2.59426,2.53763,3.72246,2.65352,482.406,470.219,1736.66,1692.79,21.6875,10.7188,1.73937e+06,10944.2,10982.1,700,700,-0.0902031,-0.0656721,-3.09003,-3.23469,-0.144756,0.675343,0.167615,0.00967469,0.0304986,0.715319,2.0385,294.212,
710,0,0.02,0.0001,48.6944,2000,2.56852,2.51757,3.66361,2.62174,490.781,476.062,1766.81,1713.82,22.2812,10.9375,1.62306e+06,10943.6,10982.5,700,700,-0.0961875,-0.0681084,-3.04739,-3.24139,-0.194288,0.667038,0.183648,0.00846023,0.0339929,0.706006,2.41902,285.639,
711,0,0.02,0.0001,53.9409,2000,1.84412,1.80289,2.69095,1.88733,355,341.625,1278,1229.85,16.5625,8.25,1.60882e+06,11045.6,11089.2,700,700,-0.077625,-0.0774936,-3.43055,-3.84565,-0.415457,0.718749,0.184487,0.00428232,0.0256625,1.06704,0.344629,286.691,
712,0,0.02,0.0001,38.8266,2000,3.38622,3.26116,4.09406,3.52162,493.281,495.094,1775.81,1782.34,17.2188,8.96875,1.89735e+06,10979.5,11010,700,700,-0.0107344,-0.0385714,-2.64656,-2.36575,0.280876,0.620979,0.143985,0.00978816,0.101913,0.538774,2.6051,279.579,
713,0,0.02,0.0001,48.8049,2000,2.37565,2.32515,3.31365,2.42856,481.281,462.875,1732.61,1666.35,23.9375,11.6562,1.59462e+06,10949.1,10990.4,700,700,-0.127625,-0.0757075,-2.66402,-3.05543,-0.391501,0.622128,0.182595,0.00803543,0.0380305,0.650853,3.84355,283.286,
714,0,0.02,0.0001,48.6305,2000,2.46695,2.40417,3.3238,2.53302,495.719,476.656,1784.59,1715.96,27.8438,12.8438,1.7099e+06,11000.9,11041.8,700,700,-0.179328,-0.0772527,-2.64713,-3.04309,-0.395967,0.582349,0.369905,0.00810327,0.0335218,0.690516,3.40554,284.756,
715,0,0.02,0.0001,48.3711,2000,2.34888,2.29635,3.34584,2.40368,469.781,453.938,1691.21,1634.17,21.8125,9.625,1.68062e+06,10990.2,11031,700,700,-0.100219,-0.0753537,-2.90357,-3.24927,-0.345768,0.683963,0.171563,0.00813601,0.0317518,0.654695,3.11042,288.881,
716,0,0.02,0.0001,44.194,2000,2.61151,2.55097,3.52874,2.67474,509.062,485.688,1832.62,1748.47,29.4688,13.6875,1.63071e+06,10966,11005.3,700,700,-0.199187,-0.0743285,-2.7956,-3.09193,-0.296407,0.601952,0.161296,0.00793536,0.0285598,0.657598,3.31003,277.178,
717,0,0.02,0.0001,43.7308,2000,2.71982,2.65758,3.61182,2.78465,521.875,504.094,1878.75,1814.74,25.7812,11.4062,1.67788e+06,10990.9,11029.8,700,700,-0.134672,-0.0693691,-2.88093,-3.07025,-0.189408,0.609634,0.160597,0.00774744,0.0293292,0.674019,3.25554,269.016,
718,0,0.02,0.0001,44.1389,2000,2.9194,2.85933,3.73881,2.98194,546.406,530.344,1967.06,1909.24,28.5312,13.8438,1.74097e+06,10943.1,10981,700,700,-0.162797,-0.06587,-2.73618,-2.86373,-0.127531,0.593811,0.241529,0.00875289,0.0310001,0.635357,3.18852,273.578,
719,0,0.02,0.0001,46.926,2000,2.64082,2.5868,3.58012,2.69708,507.344,490.469,1826.44,1765.69,24.8125,11.8125,1.64172e+06,10939.6,10978.9,700,700,-0.126953,-0.0699007,-2.92147,-3.13094,-0.209624,0.64401,0.163146,0.00485251,0.0354766,0.949246,1.99443,281.749,
720,0,0.02,0.0001,44.6485,2000,2.89363,2.8277,3.82456,2.96272,518.75,503.594,1867.5,1812.94,25.875,13.25,1.66924e+06,10971.8,11008.1,700,700,-0.136328,-0.0622095,-2.7619,-2.84712,-0.085268,0.629545,0.300496,0.0106472,0.0392894,0.607315,4.33736,324.229,
721,0,0.02,0.0001,52.2867,2000,2.58624,2.53497,3.58797,2.63949,491.469,475.062,1769.29,1710.22,23.875,11.3125,1.66731e+06,10962.5,11001.7,700,700,-0.120594,-0.0694574,-2.90908,-3.1408,-0.231744,0.65412,0.197928,0.00798074,0.0321469,0.784404,2.55582,329.645,
722,0,0.02,0.0001,48.0653,2000,2.95049,2.88302,3.81731,3.0209,533.969,521.844,1922.29,1878.64,23.2188,10.7188,1.70893e+06,10930.6,10967.4,700,700,-0.0873594,-0.0616243,-2.62122,-2.71741,-0.0961706,0.603186,0.150042,0.00924686,0.0326225,0.612978,4.69656,330.247,
723,0,0.02,0.0001,48.4785,2000,2.94955,2.88641,3.73786,3.01565,532.812,523.719,1918.12,1885.39,21.8125,11.4062,1.76072e+06,10966,11003.4,700,700,-0.0653281,-0.060024,-2.55672,-2.63853,-0.0817891,0.603124,0.289054,0.0137837,0.0457935,0.620525,1.39448,326.635,
724,0,0.02,0.0001,53.0199,2000,2.75335,2.68484,3.40513,2.82557,518.5,505.906,1866.6,1821.26,22.375,11.2812,1.66639e+06,10969.2,11008.5,700,700,-0.0826719,-0.0660333,-2.35163,-2.59962,-0.247976,0.581988,0.197773,0.0074436,0.0332313,0.716534,3.77416,293.292,
725,0,0.02,0.0001,53.0989,2000,2.76837,2.71026,3.53598,2.82911,523.625,510,1885.05,1836,23.1562,11.6875,1.66799e+06,10940.8,10979.5,700,700,-0.0923438,-0.0669582,-2.51628,-2.74042,-0.224265,0.597729,0.316027,0.00939388,0.0322922,0.668653,2.87743,261.238,
726,0,0.02,0.0001,44.73,2000,3.00835,2.93984,3.64304,3.08017,562.188,545.188,2023.88,1962.67,26.0625,13.125,1.66972e+06,10952.9,10990.7,700,700,-0.118344,-0.064567,-2.48951,-2.62748,-0.138018,0.563076,0.181586,0.00980842,0.0325308,0.668935,2.43317,272.819,
727,0,0.02,0.0001,46.1437,2000,2.99524,2.93113,3.60526,3.06234,564.656,549.344,2032.76,1977.64,24.75,12.4062,1.65797e+06,10973.9,11012.1,700,700,-0.0965781,-0.0648154,-2.43801,-2.58391,-0.145952,0.559107,0.216961,0.00829599,0.0288595,0.669401,2.79546,279.618,
728,0,0.02,0.0001,43.1559,2000,2.96532,2.90048,3.6049,3.03322,558.719,545.812,2011.39,1964.93,23.6562,11.9062,1.71795e+06,10984.9,11023.2,700,700,-0.0819375,-0.0645519,-2.40161,-2.55706,-0.155434,0.57258,0.150943,0.0103676,0.0290749,0.682213,3.18195,272.389,
729,0,0.02,0.0001,44.1281,2000,2.99223,2.92399,3.62544,3.06336,567.25,550.406,2042.1,1981.46,27.25,12.0938,1.65377e+06,10979.8,11018.1,700,700,-0.133547,-0.0681218,-2.39204,-2.59525,-0.203232,0.525035,0.28024,0.00860885,0.0274398,0.678711,2.80425,280.071,
730,0,0.02,0.0001,47.0423,2000,2.80553,2.74317,3.50732,2.87093,530.812,515.781,1910.92,1856.81,24.6562,12.2812,1.66723e+06,10976.7,11015.7,700,700,-0.111953,-0.0675874,-2.42866,-2.6566,-0.227911,0.558356,0.164009,0.00430678,0.0387884,1.04971,0.896751,287.514,
731,0,0.02,0.0001,42.0577,2000,3.18725,3.09588,3.79032,3.28433,536.906,529.688,1932.86,1906.88,21.4375,11.0625,1.7365e+06,10978.1,11012.5,700,700,-0.0567187,-0.0547479,-2.50846,-2.45666,0.0517503,0.565425,0.171606,0.0103556,0.0483685,0.620623,2.70671,278.298,
732,0,0.02,0.0001,41.3709,2000,3.04056,2.97158,3.64751,3.11292,561.844,547.5,2022.64,1971,25.6562,13.0938,1.66467e+06,10918.7,10956.5,700,700,-0.111094,-0.0635659,-2.33747,-2.47497,-0.137489,0.530064,0.158511,0.00968966,0.0299907,0.683775,3.7764,281.236,
733,0,0.02,0.0001,41.7376,2000,3.03888,2.96999,3.66223,3.11093,567.75,552.406,2043.9,1988.66,26.2188,12.7812,1.72359e+06,10918.6,10956.7,700,700,-0.117078,-0.0644609,-2.30749,-2.46705,-0.159529,0.518336,0.156232,0.0081204,0.0276708,0.682002,3.5763,264.4,
734,0,0.02,0.0001,41.7491,2000,3.0153,2.9462,3.6716,3.08759,564.688,550.094,2032.88,1980.34,24.375,11.4688,1.71553e+06,10944,10982.2,700,700,-0.0905781,-0.064004,-2.33895,-2.49662,-0.157696,0.537337,0.231225,0.0083834,0.0281513,0.687365,3.13267,272.664,
735,0,0.02,0.0001,43.2118,2000,2.98172,2.91803,3.65991,3.04792,581.188,564.188,2092.27,2031.08,26.7812,12.5,1.71328e+06,10916.1,10955.4,700,700,-0.119625,-0.067499,-2.27785,-2.49734,-0.219538,0.518228,0.159626,0.00725957,0.0276848,0.73721,1.99138,278.108,
736,0,0.02,0.0001,42.0043,2000,3.03882,2.97776,3.69736,3.10243,578.906,563.906,2084.06,2030.06,26.9062,13.4375,1.7297e+06,11025.6,11064.1,700,700,-0.121641,-0.0652958,-2.34121,-2.50056,-0.159323,0.524898,0.154135,0.00747202,0.0253144,0.748113,2.13617,281.076,
737,0,0.02,0.0001,44.9087,2000,2.68624,2.6372,3.5108,2.73718,535.594,516.75,1928.14,1860.3,26.3125,12.9688,1.61886e+06,10956.3,10997.1,700,700,-0.136313,-0.0720698,-2.37203,-2.6973,-0.325315,0.500753,0.16105,0.0062954,0.0242001,0.765691,2.24239,258.108,
738,0,0.02,0.0001,43.9343,2000,2.88645,2.82869,3.63637,2.94642,570.094,552.25,2052.34,1988.1,25.4688,11.8438,1.64805e+06,10984.2,11024.2,700,700,-0.105906,-0.0683643,-2.31511,-2.56345,-0.248377,0.50611,0.155831,0.00609144,0.0239608,0.803045,2.95753,280.217,
739,0,0.02,0.0001,44.4012,2000,2.75274,2.69864,3.5738,2.80893,544.156,527.219,1958.96,1897.99,25.4688,11.875,1.66897e+06,10977.6,11017.9,700,700,-0.118422,-0.0704809,-2.45636,-2.7259,-0.269574,0.503941,0.159798,0.00691968,0.0246064,0.759517,2.32202,281.663,
740,0,0.02,0.0001,44.1676,2000,2.89369,2.83701,3.65444,2.9524,578.5,558.562,2082.6,2010.83,28.3125,13.1875,1.69018e+06,10930.4,10970.6,700,700,-0.145406,-0.0703933,-2.41465,-2.66406,-0.249431,0.503675,0.197851,0.00732602,0.0237407,0.790803,3.29759,255.619,
741,0,0.02,0.0001,43.452,2000,2.93432,2.87442,3.6529,2.99663,573.594,553.656,2064.94,1993.16,26.5938,13,1.62782e+06,10956,10995.7,700,700,-0.122078,-0.0670068,-2.47359,-2.65222,-0.178661,0.541406,0.161231,0.00693787,0.0256473,0.764467,3.55894,285.984,
742,0,0.02,0.0001,44.07,2000,2.8765,2.82728,3.62766,2.92743,573.969,552.375,2066.29,1988.55,28.5312,14.0625,1.68233e+06,10894.7,10935,700,700,-0.151781,-0.0699733,-2.52275,-2.74168,-0.21896,0.53099,0.161112,0.00763967,0.0260035,0.764987,3.3628,275.399,
743,0,0.02,0.0001,43.567,2000,2.94821,2.89556,3.68808,3.00275,582.594,564.812,2097.34,2033.32,26.4062,12.8438,1.66481e+06,10909.1,10948.9,700,700,-0.113687,-0.0675988,-2.51586,-2.68456,-0.168718,0.560019,0.158876,0.00662854,0.024763,0.78123,3.35214,274.384,
744,0,0.02,0.0001,42.5427,2000,2.90687,2.84819,3.70638,2.96793,560.094,542.281,2016.34,1952.21,24.7812,12.0938,1.59051e+06,10948.3,10987.2,700,700,-0.100578,-0.0661282,-2.58389,-2.73151,-0.147766,0.551889,0.190629,0.00759439,0.0267472,0.762741,2.5484,267.312,
745,0,0.02,0.0001,42.7242,2000,3.02401,2.96559,3.7493,3.08464,584.406,570.188,2103.86,2052.68,26.1875,12.625,1.74014e+06,10932.9,10972,700,700,-0.107719,-0.0652044,-2.47598,-2.60063,-0.124686,0.547892,0.169113,0.00750008,0.0272278,0.767861,2.76837,274.799,
746,0,0.02,0.0001,42.4679,2000,3.00628,2.95185,3.75283,3.06276,575.844,557.219,2073.04,2005.99,27.9062,14.1562,1.62889e+06,10986.1,11024.8,700,700,-0.139984,-0.0657825,-2.38942,-2.55212,-0.162703,0.522178,0.156035,0.00651056,0.0250246,0.810036,2.71517,272.115,
747,0,0.02,0.0001,44.2749,2000,2.87258,2.82506,3.61998,2.92174,573.094,552.531,2063.14,1989.11,27.6875,13.8125,1.6663e+06,10904.9,10945.3,700,700,-0.139047,-0.0702144,-2.4545,-2.68809,-0.233629,0.524547,0.154687,0.00607596,0.0253714,0.815038,3.59244,265.238,
748,0,0.02,0.0001,44.5449,2000,2.87279,2.82593,3.64206,2.92125,573.062,552.719,2063.02,1989.79,28.6562,14.5312,1.68788e+06,10962.3,11002.6,700,700,-0.153484,-0.0703618,-2.54198,-2.75565,-0.213701,0.537561,0.159629,0.00748171,0.0261698,0.795104,3.23326,265.809,
749,0,0.02,0.0001,43.3227,2000,2.86357,2.81798,3.67028,2.91095,552.844,536,1990.24,1929.6,24.4375,13.1875,1.64113e+06,10894.7,10934.1,700,700,-0.0985625,-0.0657938,-2.41949,-2.60855,-0.189118,0.556755,0.163926,0.00716956,0.0248013,0.811027,2.52162,292.688,
750,0,0.02,0.0001,42.8599,2000,2.96605,2.91197,3.74957,3.02226,572.906,556.406,2062.46,2003.06,25.1875,13.0312,1.6832e+06,10907.6,10946.6,700,700,-0.0996094,-0.065238,-2.40735,-2.56521,-0.157872,0.542042,0.173762,0.00674133,0.0242945,0.827936,3.00328,278.816,
751,0,0.02,0.0001,43.9547,2000,2.91181,2.86006,3.67621,2.96537,575.719,557.562,2072.59,2007.23,27.2812,13.125,1.65688e+06,10967.4,11007.3,700,700,-0.130438,-0.0696172,-2.47063,-2.68132,-0.210709,0.528652,0.167278,0.00563205,0.0246376,0.825429,3.26716,279.016,
752,0,0.02,0.0001,43.4335,2000,2.98426,2.93277,3.72629,3.03756,585.875,569.062,2109.15,2048.62,26.0312,12.9062,1.66931e+06,10919.6,10959.2,700,700,-0.105937,-0.0670119,-2.50553,-2.65301,-0.147461,0.54401,0.162864,0.00643598,0.023438,0.829275,3.0067,278.929,
753,0,0.02,0.0001,43.0792,2000,3.05315,3.00115,3.73847,3.10697,596.062,575.938,2145.82,2073.38,29.4375,14.7188,1.68236e+06,10918.5,10957.8,700,700,-0.153594,-0.0671384,-2.45026,-2.60707,-0.1568,0.518903,0.154898,0.0057134,0.0223576,0.83133,2.58294,283.531,
754,0,0.02,0.0001,43.4512,2000,2.96451,2.91498,3.65333,3.01557,577.969,559.812,2080.69,2015.33,26.1562,12.5,1.69221e+06,10880.6,10920.3,700,700,-0.112437,-0.0674769,-2.52685,-2.6867,-0.159835,0.530345,0.211884,0.00690851,0.0243017,0.835796,3.0082,262.49,
755,0,0.02,0.0001,56.7535,2000,2.96484,2.91458,3.6791,3.01658,590.5,569.625,2125.8,2050.65,29.5625,13.4375,1.6921e+06,10902.5,10942.6,700,700,-0.158625,-0.0709278,-2.4513,-2.67201,-0.220759,0.502767,0.890175,0.00631197,0.0231137,0.874811,4.17906,323.203,
756,0,0.02,0.0001,47.9873,2000,2.87479,2.83095,3.62804,2.92005,573.406,553.969,2064.26,1994.29,28.6875,14.0938,1.70676e+06,10963.2,11003.7,700,700,-0.153328,-0.0714087,-2.4975,-2.74305,-0.245559,0.520189,0.1631,0.00583768,0.0243172,0.907794,2.39999,286.398,
757,0,0.02,0.0001,45.4975,2000,3.07459,3.02452,3.77343,3.12608,602.75,580.594,2169.9,2090.14,31.9062,14.8125,1.69985e+06,10919.6,10959,700,700,-0.188297,-0.0689232,-2.5126,-2.68328,-0.170668,0.492863,0.177567,0.00595317,0.023069,0.852549,3.57808,259.949,
758,0,0.02,0.0001,43.4674,2000,2.98517,2.93291,3.72082,3.0389,575.625,552.156,2072.25,1987.76,32.9688,14.3438,1.69469e+06,10967.1,11006.1,700,700,-0.218453,-0.0715066,-2.57083,-2.787,-0.216184,0.513147,0.170052,0.00518255,0.0234687,0.855732,4.63995,262.725,
759,0,0.02,0.0001,42.7937,2000,3.01797,2.96669,3.76909,3.0708,588.312,566.406,2117.93,2039.06,32.9375,15.5625,1.7441e+06,10991.4,11030.6,700,700,-0.210859,-0.0708063,-2.61996,-2.80782,-0.187795,0.553932,0.172959,0.00684838,0.0232245,0.871115,3.81348,265.474,
760,0,0.02,0.0001,42.7365,2000,3.0196,2.96944,3.78275,3.07125,593.219,567.938,2135.59,2044.58,33.9375,15.7812,1.68086e+06,10925.2,10964.4,700,700,-0.225094,-0.0709906,-2.61039,-2.80266,-0.192204,0.530839,0.159328,0.00583763,0.0258257,0.872946,3.21349,262.266,
761,0,0.02,0.0001,42.3142,2000,3.08136,3.02918,3.82212,3.13514,592.906,571.406,2134.46,2057.06,32.5,15.1875,1.6862e+06,10909.4,10948.1,700,700,-0.201797,-0.0684724,-2.58297,-2.73083,-0.147871,0.512409,0.15463,0.00582133,0.0225912,0.897469,5.03699,257.051,
762,0,0.02,0.0001,41.2016,2000,3.11693,3.05905,3.86513,3.17687,580.562,562.781,2090.02,2026.01,28.9062,13.7188,1.76529e+06,10902.4,10940,700,700,-0.152203,-0.063832,-2.6692,-2.72353,-0.0543358,0.536593,0.163109,0.00629735,0.0218353,0.911427,3.49135,263.457,
763,0,0.02,0.0001,43.055,2000,2.94045,2.88938,3.72361,2.99323,553,535,1990.8,1926,26.8438,12.875,1.71456e+06,10997.7,11036.3,700,700,-0.135156,-0.0662456,-2.68523,-2.80712,-0.121865,0.559104,0.176693,0.00553498,0.0225429,0.901598,3.42659,272.105,
764,0,0.02,0.0001,40.7104,2000,3.203,3.13446,3.86778,3.27439,591.625,572.156,2129.85,2059.76,28.1562,13.1562,1.74434e+06,10910.3,10947.4,700,700,-0.136266,-0.0623337,-2.53301,-2.57973,-0.0467939,0.534864,0.249151,0.00650457,0.0234266,0.903987,3.12509,265.436,
765,0,0.02,0.0001,41.675,2000,3.13952,3.07648,3.812,3.20499,592.781,572.844,2134.01,2062.24,29.9375,13.8438,1.68611e+06,10894.1,10932.1,700,700,-0.162641,-0.0653788,-2.40601,-2.53631,-0.130302,0.513514,0.150243,0.00639445,0.0232341,0.932388,2.50248,264.793,
766,0,0.02,0.0001,44.0518,2000,3.01132,2.95442,3.72573,3.07028,583.188,562.594,2099.47,2025.34,30.9375,14.2188,1.68882e+06,10982.2,11021.2,700,700,-0.182766,-0.0692781,-2.40205,-2.61258,-0.210499,0.547726,0.243978,0.00687003,0.0234815,0.926941,3.64226,265.528,
767,0,0.02,0.0001,45.6265,2000,2.76111,2.71435,3.52942,2.80943,543.719,520.906,1957.39,1875.26,30.8125,14.4688,1.69116e+06,10946.6,10986.8,700,700,-0.201734,-0.0737535,-2.45135,-2.78034,-0.328962,0.533742,0.161713,0.00458076,0.0243049,1.0172,2.54351,273.928,
768,0,0.02,0.0001,49.3154,2000,3.03577,2.98422,3.77402,3.08915,583.875,561.281,2101.95,2020.61,32.9688,15.9688,1.70424e+06,10942.1,10980.8,700,700,-0.213891,-0.0687894,-2.41935,-2.62304,-0.203646,0.526021,0.190533,0.0063584,0.0257932,0.886337,3.68901,279.727,
769,0,0.02,0.0001,47.424,2000,2.84434,2.79056,3.641,2.90002,553.5,531.5,1992.6,1913.4,31.4688,14.3125,1.71891e+06,10956.3,10995.7,700,700,-0.206281,-0.0726506,-2.49831,-2.79563,-0.297375,0.579872,0.159482,0.00530586,0.0239774,0.908354,4.18441,275.003,
770,0,0.02,0.0001,62.2635,2000,2.85619,2.8036,3.7064,2.91067,559.781,539.719,2015.21,1942.99,28.5938,13.125,1.66019e+06,10946.3,10985.9,700,700,-0.159047,-0.0701274,-2.55946,-2.79823,-0.238776,0.602542,0.204276,0.00708053,0.0239904,0.944941,3.19704,360.482,
771,0,0.02,0.0001,60.1585,2000,2.7057,2.64987,3.67645,2.76375,533.469,514.125,1920.49,1850.85,27.6875,12.6875,1.65548e+06,10957.9,10997.6,700,700,-0.15825,-0.0719585,-2.81585,-3.07073,-0.25504,0.653346,0.450004,0.00760203,0.0235274,0.890935,3.3431,351.839,
772,0,0.02,0.0001,59.9565,2000,2.91211,2.85341,3.75117,2.9728,570.094,549.125,2052.34,1976.85,30.7188,13.0312,1.66486e+06,10963.7,11003.1,700,700,-0.186219,-0.0715712,-2.63219,-2.85913,-0.227062,0.570208,0.317304,0.00607283,0.0243599,0.919803,2.75893,350.652,
773,0,0.02,0.0001,59.9472,2000,2.58875,2.53762,3.5212,2.64217,511.719,489.125,1842.19,1760.85,28.7812,13.625,1.65767e+06,10897.1,10937.5,700,700,-0.187156,-0.0751824,-2.9056,-3.20176,-0.296142,0.606432,0.4356,0.00617098,0.0241369,0.915197,3.88086,348.226,
774,0,0.02,0.0001,64.3157,2000,2.80717,2.75089,3.67719,2.86548,550.75,528.281,1982.7,1901.81,30.7188,13.5,1.65485e+06,10946.8,10986.3,700,700,-0.196641,-0.0732872,-2.77518,-3.01022,-0.234994,0.569089,0.17601,0.00611951,0.0246674,0.907175,4.92884,368.805,
775,0,0.02,0.0001,42.2013,2000,2.71118,2.65324,3.62832,2.7717,517.594,503.062,1863.34,1811.03,23.75,11.3125,1.74457e+06,10978.5,11017.6,700,700,-0.104719,-0.0689704,-2.78636,-2.98306,-0.196654,0.619846,0.170701,0.00613009,0.0229212,0.949945,2.13194,277.088,
776,0,0.02,0.0001,47.143,2000,2.02001,1.9849,3.19501,2.05663,409.188,393.906,1473.08,1418.06,20.6562,9.96875,1.68826e+06,11039.8,11082.1,700,700,-0.112891,-0.0806751,-3.30609,-3.72756,-0.421433,0.712457,0.470894,0.00614776,0.0248307,0.919829,2.9509,270.469,
777,0,0.02,0.0001,52.3597,2000,1.65881,1.62573,2.78653,1.69333,345.438,330.594,1243.58,1190.14,14.1562,6.53125,1.52941e+06,10989.7,11034.1,700,700,-0.0470469,-0.0839942,-3.52703,-4.04824,-0.521565,0.753627,0.367239,0.00559041,0.0244966,0.916158,3.91483,267.111,
778,0,0.02,0.0001,51.2676,2000,1.67233,1.643,2.72938,1.70286,343.594,328.531,1236.94,1182.71,17.8125,8.3125,1.64434e+06,11067.8,11112.3,700,700,-0.102922,-0.0855553,-3.46895,-4.01236,-0.543593,0.735678,0.184337,0.00318859,0.0231157,1.21417,1.71419,280.724,
779,0,0.02,0.0001,58.827,2000,1.06567,1.03852,2.3067,1.0943,229.938,219.469,827.775,790.088,8.9375,4.125,1.56867e+06,11030.4,11077,700,700,-0.0243281,-0.0912633,-4.24257,-4.86777,-0.625436,0.826022,0.191891,0.00646507,0.0311261,1.0877,1.44026,278.863,
780,0,0.02,0.0001,58.9079,2000,1.26988,1.24346,2.54124,1.29765,270.156,256.844,972.562,924.638,10,5.09375,1.50046e+06,11023.3,11068.8,700,700,-0.0215781,-0.0877698,-4.26522,-4.78834,-0.523535,0.825308,0.298532,0.00475876,0.0332915,1.10816,1.66518,272.524,
781,0,0.02,0.0001,50.1067,2000,2.13812,2.094,3.25119,2.18452,419.781,405.656,1511.21,1460.36,16.8125,9.125,1.53625e+06,10940.9,10982.3,700,700,-0.0493594,-0.0749592,-3.53414,-3.79234,-0.258552,0.721784,0.203917,0.00599511,0.0258175,1.15013,0.76136,286.978,
782,0,0.02,0.0001,57.1497,2000,1.35681,1.33263,2.63753,1.38211,284,272.5,1022.4,981,10.3125,5.28125,1.54239e+06,11057.4,11102.2,700,700,-0.0184375,-0.0861423,-4.11501,-4.61423,-0.499603,0.791505,1.49077,0.00851957,0.0405616,0.827217,2.77621,286.156,
783,0,0.02,0.0001,53.6519,2000,1.8713,1.83392,2.99289,1.91048,370.656,356.438,1334.36,1283.17,16.4375,8.40625,1.60714e+06,11045.5,11088.2,700,700,-0.0683437,-0.0794996,-3.57285,-3.95443,-0.381757,0.728634,0.935711,0.00938111,0.0297712,0.853648,3.35336,284.003,
784,0,0.02,0.0001,57.7055,2000,1.18211,1.16254,2.41981,1.20274,263.031,248.5,946.912,894.6,13,6.15625,1.51314e+06,11027.7,11074.2,700,700,-0.07075,-0.0917754,-3.64524,-4.35549,-0.710581,0.748427,0.178113,0.000932039,0.0446613,1.19524,1.27504,280.307,
785,0,0.02,0.0001,52.8096,2000,2.15682,2.11442,3.12277,2.20134,422.562,405.844,1521.22,1461.04,20.375,10.375,1.60408e+06,11041.9,11083.5,700,700,-0.102703,-0.0781504,-3.23869,-3.58836,-0.349899,0.664122,0.221027,0.00764668,0.028514,0.875959,3.26825,281.543,
786,0,0.02,0.0001,54.2207,2000,1.88418,1.84361,2.94165,1.92659,381.312,364.906,1372.73,1313.66,19,8.90625,1.56438e+06,11051.2,11094.3,700,700,-0.102547,-0.0825535,-3.31338,-3.78507,-0.471916,0.685609,0.198313,0.0102298,0.0614762,1.17355,1.21987,269.524,
787,0,0.02,0.0001,50.0801,2000,1.69816,1.6581,2.77145,1.74052,306.438,294.656,1103.17,1060.76,11.8438,6.3125,1.49045e+06,11038.9,11080.4,700,700,-0.0303281,-0.0772522,-3.61643,-4.01181,-0.395744,0.743205,0.128067,0.0140329,0.0593735,1.12783,0.974083,271.532,
788,0,0.02,0.0001,38.4987,2000,2.69471,2.6028,3.54339,2.79418,413.688,406.875,1489.28,1464.75,15.8125,8.5,1.64325e+06,10986.3,11020.6,700,700,-0.03375,-0.0562785,-3.009,-3.02424,-0.0154929,0.651139,0.15172,0.0130573,0.0654047,0.70964,3.17856,268.43,
789,0,0.02,0.0001,46.7473,2000,1.95858,1.89856,2.89845,2.02235,376.531,363.969,1355.51,1310.29,17.625,8.0625,1.64266e+06,10985.4,11027.1,700,700,-0.0823906,-0.0798266,-2.9393,-3.43666,-0.497499,0.631414,0.176311,0.00823042,0.0569124,1.14495,1.1749,257.619,
790,0,0.02,0.0001,37.7497,2000,2.9811,2.89046,3.77273,3.07784,486.969,479.438,1753.09,1725.97,21.0312,11.0312,1.71651e+06,11002.7,11036.8,700,700,-0.07575,-0.0556111,-2.52479,-2.54687,-0.0221393,0.569572,0.150561,0.0103663,0.037216,0.739523,2.89169,250.977,
791,0,0.02,0.0001,40.1892,2000,2.9162,2.83625,3.65079,3.00066,518.781,509.469,1867.61,1834.09,24.5312,11.75,1.81542e+06,10965.8,11002.4,700,700,-0.113234,-0.0627376,-2.32334,-2.49074,-0.167425,0.526339,0.154512,0.00772712,0.0332002,0.834136,3.65273,275.699,
792,0,0.02,0.0001,37.5757,2000,3.16976,3.07252,3.85226,3.27306,534.594,527.781,1924.54,1900.01,22.5625,10.5312,1.83083e+06,10961.9,10996.3,700,700,-0.0745469,-0.0552375,-2.29024,-2.31706,-0.0267763,0.528384,0.148781,0.00873864,0.0305432,0.734271,3.42619,282.774,
793,0,0.02,0.0001,38.0046,2000,3.17567,3.09451,3.84128,3.26138,544.594,533.219,1960.54,1919.59,25.8125,13.4062,1.77412e+06,10959.5,10994.3,700,700,-0.120578,-0.0566816,-2.2244,-2.28921,-0.06482,0.526955,0.148021,0.00833612,0.0282825,0.718707,3.8125,272.103,
794,0,0.02,0.0001,38.7414,2000,3.18982,3.11034,3.84174,3.27334,557.594,545.125,2007.34,1962.45,27.0312,12.8438,1.80198e+06,10985,11020.5,700,700,-0.132906,-0.0583393,-2.15044,-2.2604,-0.109975,0.500695,0.154232,0.00814274,0.0279988,0.721903,3.63236,258.999,
795,0,0.02,0.0001,39.5038,2000,3.09111,3.01481,3.73971,3.17131,552.031,536.906,1987.31,1932.86,26.75,12.8125,1.70785e+06,10954.3,10990.5,700,700,-0.132797,-0.0609698,-2.05434,-2.24242,-0.188078,0.505186,0.158855,0.00746184,0.0273352,0.756999,4.05982,264.564,
796,0,0.02,0.0001,40.3067,2000,3.05748,2.98394,3.66141,3.13475,562.531,544.875,2025.11,1961.55,30,14.6875,1.7413e+06,10925.3,10962.4,700,700,-0.177563,-0.0650765,-2.05661,-2.30931,-0.252685,0.51064,0.160754,0.00731576,0.0282966,0.786625,3.44043,277.843,
797,0,0.02,0.0001,41.7291,2000,2.9301,2.8601,3.61877,3.00332,548.062,526.219,1973.03,1894.39,30.3125,13.4375,1.72286e+06,10945.6,10983.4,700,700,-0.191578,-0.0689832,-2.16183,-2.48757,-0.325789,0.508885,0.160975,0.00755959,0.0259508,0.778925,4.32716,263.645,
798,0,0.02,0.0001,40.5249,2000,3.05802,2.98641,3.74288,3.13292,559.812,539.969,2015.33,1943.89,29.25,13.4688,1.69655e+06,10935.8,10972.7,700,700,-0.168766,-0.064237,-2.13218,-2.36154,-0.229339,0.510019,0.161984,0.00629154,0.0253364,0.801874,4.30424,270.261,
799,0,0.02,0.0001,41.6142,2000,2.9709,2.90717,3.6682,3.0372,566.188,542.875,2038.28,1954.35,32.4688,14.9688,1.65431e+06,10943.8,10982,700,700,-0.215594,-0.0696842,-2.24245,-2.54096,-0.29849,0.509286,0.166921,0.00630541,0.0264434,0.80059,3.37688,251.145,
800,0,0.02,0.0001,41.8086,2000,2.94769,2.88165,3.67903,3.01637,556.844,539.812,2004.64,1943.32,27.7812,12.0312,1.75448e+06,10985.6,11023.7,700,700,-0.146813,-0.0689464,-2.3091,-2.58282,-0.273672,0.552378,0.161863,0.00670964,0.0237416,0.829811,3.09983,276.869,
801,0,0.02,0.0001,41.8869,2000,2.78548,2.71741,3.55765,2.8566,518.344,502.25,1866.04,1808.1,25.3125,10.875,1.70372e+06,10981.9,11020.3,700,700,-0.128563,-0.0695798,-2.49654,-2.77469,-0.278123,0.562468,0.162924,0.0063891,0.0237643,0.820379,3.855,284.125,
802,0,0.02,0.0001,41.7693,2000,2.80095,2.73185,3.59897,2.873,521.062,504.625,1875.83,1816.65,26.6875,11.2188,1.69944e+06,10921,10959.1,700,700,-0.148,-0.0700225,-2.58508,-2.84711,-0.262124,0.594387,0.111299,0.00566258,0.0240548,0.825416,4.50066,254.532,
803,0,0.02,0.0001,40.6312,2000,2.96871,2.89682,3.73176,3.04395,535.594,521.781,1928.14,1878.41,24.9375,11.6562,1.73639e+06,10933.8,10970.8,700,700,-0.113172,-0.063312,-2.61379,-2.73341,-0.119702,0.597035,0.173867,0.00853368,0.0256874,0.814148,3.43404,281.623,
804,0,0.02,0.0001,40.767,2000,2.98807,2.92352,3.77231,3.05528,551.062,533.625,1983.83,1921.05,28,13.3125,1.66092e+06,10915,10952.2,700,700,-0.153188,-0.0660638,-2.60466,-2.75476,-0.150224,0.607195,0.160224,0.00718534,0.0256912,0.843043,3.38255,283.74,
805,0,0.02,0.0001,45.1722,2000,3.0318,2.97525,3.74758,3.09058,560.375,543.094,2017.35,1955.14,28.5625,14.5,1.7254e+06,10973.4,11011.1,700,700,-0.156891,-0.0644928,-2.56965,-2.68936,-0.1197,0.562013,0.567385,0.00751121,0.0255286,0.811927,4.44127,282.273,
806,0,0.02,0.0001,45.6085,2000,2.71821,2.66295,3.50769,2.7756,507.75,490.719,1827.9,1766.59,25.5938,11.1875,1.7026e+06,10972.9,11011.8,700,700,-0.138547,-0.0699325,-2.68427,-2.92811,-0.243925,0.574855,0.272324,0.00764335,0.0373486,1.01638,2.0931,270.877,
807,0,0.02,0.0001,42.2363,2000,3.16586,3.09992,3.84366,3.23446,564.281,550.656,2031.41,1982.36,25.5,12.0938,1.78362e+06,10936.9,10973.2,700,700,-0.107172,-0.0591382,-2.49177,-2.51807,-0.0262673,0.546805,0.158407,0.00844404,0.0303266,0.797587,2.61434,272.85,
808,0,0.02,0.0001,41.7516,2000,3.03859,2.96812,3.71185,3.11232,562.438,542.75,2024.78,1953.9,29.4062,13.9375,1.67878e+06,10968.8,11006.1,700,700,-0.169719,-0.0658607,-2.4361,-2.60186,-0.165843,0.564371,0.168675,0.00667947,0.027239,0.844328,2.68961,276.956,
809,0,0.02,0.0001,43.033,2000,2.73772,2.68323,3.60515,2.79453,527.5,506.719,1899,1824.19,29.8438,14,1.72924e+06,10970.5,11009.4,700,700,-0.194297,-0.0731022,-2.59347,-2.89697,-0.303495,0.618413,0.161814,0.00655254,0.0251371,0.864702,3.96575,254.758,
810,0,0.02,0.0001,45.1856,2000,2.25502,2.20404,3.34719,2.30831,441.375,424.531,1588.95,1528.31,27.4375,12.4062,1.80315e+06,10969.6,11009.7,700,700,-0.199297,-0.0807472,-3.07911,-3.5136,-0.434356,0.700295,0.166574,0.0066426,0.0246709,0.915706,3.28822,265.828,
811,0,0.02,0.0001,49.1842,2000,1.64818,1.60671,2.86702,1.6918,329.531,317.656,1186.31,1143.56,16.1562,7.4375,1.61888e+06,11020,11062.4,700,700,-0.0835156,-0.0840811,-3.57971,-4.10614,-0.526599,0.793451,0.314842,0.00557059,0.0297035,0.925298,2.98971,284.882,
812,0,0.02,0.0001,57.6761,2000,1.04996,1.02831,2.25098,1.07276,222.812,210.906,802.125,759.263,10.625,4.96875,1.60041e+06,11055.6,11101.4,700,700,-0.0539219,-0.0921832,-3.9742,-4.67691,-0.703029,0.844242,0.155803,0.00694904,0.0266864,0.971536,2.6903,282.096,
813,0,0.02,0.0001,58.1488,2000,0.960779,0.939696,2.12454,0.983047,199.656,189.938,718.763,683.775,7.53125,4.1875,1.55932e+06,11086.7,11132.7,700,700,-0.018,-0.0916505,-4.23257,-4.91391,-0.681742,0.855529,0.192846,0.0094301,0.0404521,1.11379,1.90363,278.224,
814,0,0.02,0.0001,56.3946,2000,0.839905,0.822649,2.07098,0.858313,179.438,170.219,645.975,612.788,6.34375,3.78125,1.4961e+06,11134.8,11181,700,700,-0.0100469,-0.0942564,-4.28658,-5.01635,-0.730099,0.864224,0.189607,0.00743584,0.0370202,1.25455,0.819982,286.937,
815,0,0.02,0.0001,50.7264,2000,1.05792,1.01475,2.17955,1.10549,174.969,169.938,629.888,611.775,4.8125,2.6875,1.52367e+06,11136.4,11178.1,700,700,0.0127813,-0.089918,-4.73702,-5.27342,-0.536727,0.838213,0.176684,0.00491106,0.0220543,1.16874,0.634115,306.277,
816,0,0.02,0.0001,48.7511,2000,1.55798,1.50352,2.76906,1.61719,246.906,243.375,888.862,876.15,7.125,4.375,1.44626e+06,11040.3,11078.4,700,700,0.0148125,-0.0773558,-4.65837,-4.92204,-0.26409,0.808079,0.16276,0.00860375,0.0305256,1.01023,2.01422,286.898,
817,0,0.02,0.0001,48.9484,2000,1.60488,1.55169,2.73958,1.662,281.562,276.156,1013.62,994.162,7.5,4.375,1.50433e+06,11061.8,11102.7,700,700,0.0255781,-0.0789217,-4.33847,-4.66796,-0.330128,0.808063,0.175169,0.00786801,0.021463,1.20903,0.829395,304.705,
818,0,0.02,0.0001,42.5074,2000,2.25263,2.15972,3.41158,2.3547,339.656,340.625,1222.76,1226.25,8.40625,5.40625,1.63292e+06,11026.3,11060.5,700,700,0.0442188,-0.0618759,-4.13944,-4.07925,0.0597859,0.769216,0.148708,0.00599099,0.0798704,0.851865,2.39766,295.04,
819,0,0.02,0.0001,58.0552,2000,1.27467,1.24014,2.34494,1.31148,248.281,237.812,893.812,856.125,8.5,4.375,1.4947e+06,11086.2,11129.9,700,700,-0.00859375,-0.0876531,-4.09997,-4.63748,-0.537816,0.762828,0.260533,0.00289332,0.0284662,1.06185,0.805218,305.727,
820,0,0.02,0.0001,56.3042,2000,0.973965,0.954367,2.15466,0.994843,195.438,187.938,703.575,676.575,7.1875,4.3125,1.53369e+06,11082,11126.6,700,700,-0.0138437,-0.0915267,-4.24246,-4.89399,-0.651844,0.792988,0.249645,0.00485169,0.0274019,1.04766,0.679412,295.699,
821,0,0.02,0.0001,52.359,2000,1.47562,1.42906,2.68551,1.52574,256.844,252.25,924.638,908.1,7.9375,4.28125,1.56607e+06,11055,11095,700,700,0.0070625,-0.0806498,-4.08484,-4.48887,-0.404416,0.755799,0.173499,0.00816277,0.0333135,0.83849,3.25743,309.218,
822,0,0.02,0.0001,50.7943,2000,1.30597,1.26836,2.5639,1.34615,242.781,235.531,874.013,847.912,8,3.90625,1.50801e+06,11111.6,11153.2,700,700,-0.00223438,-0.0850951,-4.07636,-4.59222,-0.516314,0.747929,0.177001,0.00665959,0.0360489,0.859763,2.25935,284.818,
823,0,0.02,0.0001,45.029,2000,2.2261,2.15686,3.18367,2.30028,377.719,371.219,1359.79,1336.39,15.25,8.4375,1.64007e+06,11040.2,11078.1,700,700,-0.0431406,-0.0688785,-3.36993,-3.58332,-0.213695,0.680554,0.159101,0.0096551,0.0379634,0.688277,3.50694,280.479,
824,0,0.02,0.0001,45.8251,2000,1.9437,1.88921,2.93696,2.00132,345.312,336.219,1243.12,1210.39,13.9688,7.03125,1.63196e+06,11031,11071.2,700,700,-0.0414219,-0.0759353,-3.23648,-3.64208,-0.405877,0.668372,0.168786,0.00824977,0.0317581,0.833114,2.30408,271.626,
825,0,0.02,0.0001,59.0701,2000,1.70864,1.66701,2.73332,1.7526,312.719,301.719,1125.79,1086.19,12.9375,6.65625,1.50733e+06,11048.9,11089.9,700,700,-0.0432031,-0.0793119,-3.41446,-3.88652,-0.472471,0.716284,0.369709,0.0061148,0.0345674,0.890828,2.39593,340.057,
826,0,0.02,0.0001,67.1994,2000,0.786555,0.763703,1.89249,0.810893,159.938,154.719,575.775,556.988,5.1875,2.65625,1.57237e+06,11131.6,11177,700,700,-0.000453125,-0.0930131,-3.79058,-4.59271,-0.802345,0.808709,0.739709,0.0115022,0.041129,1.02559,1.2842,340.904,
827,0,0.02,0.0001,66.9612,2000,1.0594,1.03161,2.28107,1.08899,214.406,204.219,771.862,735.188,7.09375,3.59375,1.48588e+06,11059.5,11104.3,700,700,-0.00429687,-0.0899635,-3.78106,-4.48218,-0.701449,0.779851,0.60254,0.00729527,0.0379125,0.864347,1.26794,344.279,
828,0,0.02,0.0001,62.861,2000,1.68,1.63356,2.80745,1.72942,305.125,295.188,1098.45,1062.67,10.3438,5.5,1.45311e+06,11032.9,11073.9,700,700,-0.0075625,-0.079328,-3.41098,-3.89462,-0.48404,0.741806,0.195113,0.0090692,0.0358732,0.663005,2.28386,347.009,
829,0,0.02,0.0001,61.4898,2000,2.03981,1.98767,2.99918,2.09465,369.969,360.5,1331.89,1297.8,15,7.34375,1.61858e+06,11024.3,11064.7,700,700,-0.04475,-0.0762952,-2.93526,-3.3923,-0.4573,0.653327,0.17445,0.00868636,0.0369035,0.606337,3.34688,285.523,
830,0,0.02,0.0001,50.112,2000,1.89147,1.85324,2.9515,1.93164,362.969,346.594,1306.69,1247.74,15.1875,8.40625,1.48209e+06,11038,11079.4,700,700,-0.0545156,-0.078753,-2.81909,-3.36194,-0.543237,0.673156,0.157216,0.00863526,0.0293337,0.865962,1.62459,287.998,
831,0,0.02,0.0001,46.6529,2000,2.51525,2.45455,3.32539,2.57919,456.5,444.844,1643.4,1601.44,18.5,9.5625,1.64953e+06,10945.4,10984.1,700,700,-0.0550781,-0.0697804,-2.53517,-2.87105,-0.336011,0.611517,0.167261,0.00877285,0.0321434,0.629765,2.58358,284.158,
832,0,0.02,0.0001,46.1146,2000,2.48845,2.43147,3.28118,2.5481,451.031,441.375,1623.71,1588.95,17.5312,8.53125,1.61988e+06,11008.8,11047.7,700,700,-0.0422813,-0.0695505,-2.60661,-2.92431,-0.317884,0.618719,0.167406,0.0103468,0.0428433,0.805161,1.88677,280.534,
833,0,0.02,0.0001,46.3982,2000,2.49717,2.44712,3.36538,2.54956,460.406,446.531,1657.46,1607.51,19.5312,10.0938,1.57286e+06,10976.9,11016,700,700,-0.0697031,-0.0708379,-2.57136,-2.91541,-0.344325,0.605446,0.169181,0.0114837,0.0392509,0.613108,3.07534,278.257,
834,0,0.02,0.0001,52.9897,2000,1.82111,1.77913,2.75524,1.86523,357.781,344.031,1288.01,1238.51,16.375,7.96875,1.57247e+06,11000.7,11043.6,700,700,-0.0736094,-0.0820337,-2.81148,-3.40983,-0.598537,0.603612,0.171774,0.010687,0.0349499,0.663425,2.67933,280.941,
835,0,0.02,0.0001,48.2607,2000,2.02472,1.98073,2.93589,2.07094,400.719,384.812,1442.59,1385.32,19.0938,9.15625,1.55933e+06,10952.9,10995.3,700,700,-0.094,-0.0808076,-2.73908,-3.29286,-0.553964,0.604985,0.276736,0.00885731,0.0336541,0.637589,4.02686,258.833,
836,0,0.02,0.0001,42.3574,2000,2.82505,2.75657,3.45335,2.89645,535.344,515.812,1927.24,1856.92,28.8438,12.4375,1.66318e+06,10958.6,10997.3,700,700,-0.17475,-0.0735328,-2.26846,-2.63616,-0.367727,0.495608,0.226881,0.00889271,0.0320549,0.665508,3.32885,281.796,
837,0,0.02,0.0001,41.9582,2000,2.86041,2.78841,3.45632,2.93576,527.031,513.875,1897.31,1849.95,25.0312,11,1.76375e+06,10966.4,11004.6,700,700,-0.118531,-0.0695848,-2.38398,-2.6513,-0.26728,0.541552,0.157462,0.00848214,0.031299,0.684279,3.40882,271.149,
838,0,0.02,0.0001,42.1644,2000,2.89567,2.83176,3.56627,2.96224,550.719,529.188,1982.59,1905.07,31.0938,14.25,1.62349e+06,10902.2,10940.6,700,700,-0.201813,-0.0725634,-2.40369,-2.69447,-0.290793,0.512468,0.194561,0.00769944,0.0290323,0.678321,4.78573,266.731,
839,0,0.02,0.0001,41.1894,2000,3.05123,2.98378,3.68873,3.12153,567.812,550.188,2044.13,1980.67,29.0312,13.5,1.66354e+06,10920.1,10957.7,700,700,-0.160375,-0.0678544,-2.37362,-2.57617,-0.202603,0.533673,0.160654,0.00801002,0.0303036,0.689827,3.80314,255.791,
840,0,0.02,0.0001,46.5956,2000,2.88102,2.81692,3.56499,2.94765,543.625,522.812,1957.05,1882.12,28.9688,12.7188,1.66522e+06,10931.2,10969.6,700,700,-0.173125,-0.0720329,-2.44758,-2.72884,-0.281276,0.544111,0.263788,0.00729567,0.0272246,0.705437,4.1371,290.926,
841,0,0.02,0.0001,44.5735,2000,2.97627,2.91025,3.708,3.04503,551.906,535.938,1986.86,1929.38,27.875,12.5938,1.73555e+06,10984,11021.5,700,700,-0.150156,-0.0684116,-2.51006,-2.70174,-0.191585,0.579912,0.207142,0.00843652,0.0297527,0.682447,3.80243,329.334,
842,0,0.02,0.0001,41.2337,2000,2.95203,2.88824,3.68156,3.01822,553.75,536,1993.5,1929.6,27.875,11.875,1.66895e+06,10978.8,11016.7,700,700,-0.150125,-0.0696448,-2.55631,-2.75955,-0.203241,0.580102,0.160196,0.00844741,0.029741,0.677454,3.91518,273.952,
843,0,0.02,0.0001,41.5317,2000,2.85376,2.78476,3.62123,2.92585,530.031,513.906,1908.11,1850.06,26.0312,11.6875,1.67067e+06,10893.8,10931.7,700,700,-0.133516,-0.0697679,-2.70591,-2.90318,-0.197311,0.635725,0.158559,0.00881875,0.032868,0.73817,2.81708,280.36,
844,0,0.02,0.0001,44.1798,2000,2.81219,2.75175,3.68026,2.87508,530.219,514.812,1908.79,1853.33,25.6562,11.75,1.72711e+06,10889.6,10927.7,700,700,-0.127437,-0.0710829,-2.83632,-3.02181,-0.18542,0.656203,0.163646,0.00946419,0.0290739,0.742367,2.67596,281.972,
845,0,0.02,0.0001,42.4559,2000,2.88885,2.82632,3.6863,2.95418,526.531,514.594,1895.51,1852.54,22.3438,10.8438,1.75248e+06,10972.6,11010,700,700,-0.0778594,-0.065459,-2.72436,-2.83485,-0.110459,0.637264,0.161551,0.00794248,0.0306538,0.771271,2.31203,277.288,
846,0,0.02,0.0001,44.5033,2000,2.88294,2.82552,3.67419,2.94278,528.969,515.406,1904.29,1855.46,24.4375,12.5,1.72819e+06,10976.8,11014.4,700,700,-0.108859,-0.0666418,-2.68231,-2.81585,-0.133472,0.611299,0.43418,0.00912042,0.0362256,0.655127,4.75236,295.941,
847,0,0.02,0.0001,45.4423,2000,2.92646,2.86389,3.74063,2.99179,532.156,518.344,1915.76,1866.04,23.1562,11.8125,1.62327e+06,10936.9,10973.9,700,700,-0.0881719,-0.064285,-2.55943,-2.68984,-0.130501,0.596651,0.346286,0.00795384,0.0288224,0.688085,3.13331,282.375,
848,0,0.02,0.0001,42.4164,2000,2.69582,2.6345,3.59411,2.75971,507.031,490.5,1825.31,1765.8,25.4062,11.2188,1.63311e+06,10952.3,10990.6,700,700,-0.135844,-0.072296,-2.65209,-2.93394,-0.281885,0.60123,0.201964,0.00846378,0.030488,0.690392,3.5228,293.277,
849,0,0.02,0.0001,41.5241,2000,2.87308,2.81482,3.64861,2.93371,532.969,518.031,1918.69,1864.91,25.8438,12.75,1.72188e+06,10937.8,10975.8,700,700,-0.128641,-0.0677879,-2.53694,-2.73283,-0.195816,0.56544,0.159321,0.00758598,0.0294407,0.765328,3.38221,287.453,
850,0,0.02,0.0001,42.319,2000,2.75641,2.70103,3.59111,2.81416,514.656,499.781,1852.76,1799.21,23.625,11.5625,1.69904e+06,10967,11005.6,700,700,-0.104484,-0.0675499,-2.57972,-2.79481,-0.215181,0.598085,0.159496,0.0076969,0.0319966,0.66055,4.64838,285.627,
851,0,0.02,0.0001,41.6334,2000,2.76298,2.70147,3.62779,2.827,515.719,500.688,1856.59,1802.47,26.0312,11.7812,1.74101e+06,11006.5,11044.5,700,700,-0.140125,-0.0710708,-2.61513,-2.86776,-0.252567,0.595564,0.114129,0.00931928,0.0287669,0.696935,2.72545,301.881,
852,0,0.02,0.0001,42.9988,2000,2.64436,2.5877,3.55036,2.70338,506.281,488.344,1822.61,1758.04,24.3125,11.4375,1.65845e+06,10944.6,10983.8,700,700,-0.120516,-0.0716838,-2.63033,-2.91552,-0.285191,0.59729,0.353018,0.00921562,0.0284311,0.693804,2.57887,290.095,
853,0,0.02,0.0001,41.5379,2000,2.93744,2.87758,3.71795,2.99955,552.562,533.594,1989.22,1920.94,26.625,11.9062,1.65476e+06,10934.2,10972.1,700,700,-0.132578,-0.068137,-2.4829,-2.68427,-0.20151,0.57032,0.160208,0.00742131,0.028357,0.696777,2.93314,288.904,
854,0,0.02,0.0001,47.8352,2000,2.96498,2.90535,3.71426,3.0268,556.594,536.938,2003.74,1932.97,29.1562,13.375,1.66294e+06,10967.5,11005.4,700,700,-0.168875,-0.0691729,-2.39139,-2.62943,-0.238109,0.539691,0.173018,0.007724,0.026106,0.729909,2.76498,302.702,
855,0,0.02,0.0001,43.0412,2000,2.72661,2.67273,3.57954,2.78239,530.75,510.188,1910.7,1836.67,28.75,12.9688,1.74397e+06,10958.1,10997.6,700,700,-0.176156,-0.0748826,-2.63699,-2.94677,-0.309782,0.594054,0.16683,0.00746476,0.027883,0.840304,2.59222,276.317,
856,0,0.02,0.0001,47.9801,2000,1.87686,1.8396,3.08716,1.91563,391.531,373.719,1409.51,1345.39,20.5,9.3125,1.63979e+06,11041.7,11084.8,700,700,-0.120641,-0.0849173,-3.32051,-3.83724,-0.516804,0.726963,0.382475,0.00824458,0.028974,0.710048,3.59314,283.575,
857,0,0.02,0.0001,49.3516,2000,2.24449,2.19798,3.35651,2.29301,447.281,434.281,1610.21,1563.41,21.3125,10.5,1.72337e+06,10983.6,11024.9,700,700,-0.102547,-0.0777216,-2.98036,-3.37885,-0.398512,0.688493,0.414912,0.00803084,0.0273403,0.757118,2.47771,279.297,
858,0,0.02,0.0001,49.8395,2000,2.25013,2.21015,3.3639,2.29182,451.875,436.906,1626.75,1572.86,22.25,11.4688,1.69862e+06,10986.5,11027.9,700,700,-0.115297,-0.0775057,-3.01715,-3.4003,-0.383137,0.68094,0.141411,0.00750595,0.0304805,0.71684,3.58594,287.611,
859,0,0.02,0.0001,56.3821,2000,1.09458,1.07619,2.32648,1.11394,239.438,229.312,861.975,825.525,10.0625,4.65625,1.63136e+06,11071.3,11118.1,700,700,-0.0362813,-0.0916997,-3.79837,-4.49689,-0.698631,0.810754,0.447787,0.00569553,0.0287475,0.914707,1.47031,284.409,
860,0,0.02,0.0001,57.9902,2000,1.0859,1.06597,2.3418,1.10693,240.719,227.406,866.588,818.663,10.4375,5.78125,1.50821e+06,11056.9,11104,700,700,-0.0428594,-0.0917694,-3.96234,-4.64401,-0.682045,0.807355,0.252552,0.00834636,0.0310681,0.862398,2.32938,290.76,
861,0,0.02,0.0001,59.0462,2000,0.810208,0.799255,2.07578,0.821966,181.594,171.031,653.737,615.713,7.0625,4.15625,1.56709e+06,11118.4,11166.2,700,700,-0.0204219,-0.094447,-4.01736,-4.78925,-0.772172,0.814451,0.269383,0.00435333,0.0335201,1.06079,0.666759,276.834,
862,0,0.02,0.0001,49.3978,2000,1.4497,1.41477,2.72214,1.48717,279.781,269.094,1007.21,968.738,10.75,5.5625,1.54077e+06,11066.2,11109.3,700,700,-0.0267031,-0.080398,-3.81848,-4.28423,-0.466036,0.74383,0.212795,0.00851503,0.0346614,0.919171,1.64173,267.726,
863,0,0.02,0.0001,43.7765,2000,2.16348,2.10455,3.2293,2.22607,388.281,378.188,1397.81,1361.47,15.2188,8.1875,1.58985e+06,11020.9,11060.1,700,700,-0.0391875,-0.0703868,-3.4508,-3.67223,-0.221786,0.691762,0.218641,0.00884821,0.0358865,0.848089,1.8883,272.911,
864,0,0.02,0.0001,40.0412,2000,2.87264,2.79713,3.53148,2.95223,489,479.094,1760.4,1724.74,21.3438,10.4688,1.70712e+06,11003.3,11039.9,700,700,-0.0806094,-0.0598406,-2.85564,-2.88268,-0.0271256,0.560076,0.153939,0.0108802,0.0556673,0.575464,3.27696,273.262,
865,0,0.02,0.0001,41.6777,2000,2.79917,2.73252,3.57568,2.86926,509.344,495.062,1833.64,1782.22,22.8125,10.8125,1.73788e+06,10972.7,11010.6,700,700,-0.0946562,-0.0646833,-2.59485,-2.75419,-0.159347,0.56627,0.16213,0.00930886,0.0335744,0.639766,3.14108,286.456,
866,0,0.02,0.0001,43.2836,2000,2.58379,2.52751,3.53321,2.64258,489.219,472.469,1761.19,1700.89,23.375,11.1562,1.63978e+06,10989.7,11028.6,700,700,-0.114391,-0.0702647,-2.60289,-2.90645,-0.303779,0.564747,0.229614,0.00826051,0.0305199,0.69027,2.72315,272.789,
867,0,0.02,0.0001,46.4226,2000,2.12822,2.0838,3.25283,2.17464,417.625,403.75,1503.45,1453.5,22.0312,10.1875,1.76891e+06,10945.5,10986.7,700,700,-0.128594,-0.0781191,-2.82117,-3.29451,-0.473242,0.619563,0.170849,0.00799344,0.0265877,0.874367,3.1501,284.18,
868,0,0.02,0.0001,52.1584,2000,1.26718,1.24233,2.52753,1.29337,261.656,250.469,941.963,901.688,12.5625,6.09375,1.65175e+06,11038.5,11083.6,700,700,-0.0632031,-0.0869497,-3.31078,-4.00841,-0.697746,0.69969,0.18332,0.0073517,0.0442043,0.971839,1.97776,281.633,
869,0,0.02,0.0001,45.5841,2000,2.04096,1.98915,3.13508,2.09589,369.781,357.844,1331.21,1288.24,14.4375,7.28125,1.55792e+06,11039.3,11079.4,700,700,-0.0376406,-0.0703056,-3.00669,-3.38186,-0.37549,0.675301,0.266085,0.00919158,0.038742,0.658292,2.35695,279.975,
870,0,0.02,0.0001,50.4443,2000,1.58084,1.54663,2.74456,1.61681,315.188,300.781,1134.68,1082.81,13.8438,6.25,1.58239e+06,11036.3,11080.3,700,700,-0.0572656,-0.0825945,-3.05219,-3.67821,-0.626277,0.672816,0.19096,0.00968532,0.035855,0.586554,3.73101,287.314,
871,0,0.02,0.0001,47.5125,2000,2.02047,1.98126,3.05548,2.06158,393.5,374.219,1416.6,1347.19,20.5938,10.75,1.60443e+06,10977.6,11019.6,700,700,-0.121797,-0.0778104,-2.67878,-3.22514,-0.546564,0.620796,0.170978,0.00295942,0.0296567,1.01069,1.49576,269.004,
872,0,0.02,0.0001,49.7543,2000,1.57351,1.54079,2.68968,1.60789,302.781,289.844,1090.01,1043.44,14.0312,7.3125,1.63765e+06,10958.7,11002,700,700,-0.0655469,-0.0812379,-3.17055,-3.74914,-0.578795,0.682525,0.14628,0.00900635,0.0398822,0.691338,3.22177,279.189,
873,0,0.02,0.0001,51.2422,2000,1.29358,1.26559,2.38651,1.32314,254.906,243.344,917.663,876.038,11.1875,5.8125,1.52161e+06,11022.4,11067.2,700,700,-0.0461406,-0.085581,-3.29469,-3.97535,-0.680941,0.712515,0.171869,0.0074266,0.0342975,1.01348,1.02371,281.395,
874,0,0.02,0.0001,52.2691,2000,1.07869,1.04939,2.1408,1.10989,209.625,200.469,754.65,721.688,7.875,4.25,1.53495e+06,11069.1,11114.2,700,700,-0.0178906,-0.0890304,-3.59646,-4.32041,-0.724182,0.737326,0.152447,0.00693883,0.0409489,1.0083,0.822908,288.039,
875,0,0.02,0.0001,50.9553,2000,1.33491,1.28736,2.46256,1.3868,214.375,212.375,771.75,764.55,6.1875,3.46875,1.58918e+06,11102.2,11142.5,700,700,0.013375,-0.0779648,-3.88934,-4.35898,-0.469807,0.738473,0.214981,0.0152522,0.0626048,1.06286,0.649149,294.296,
876,0,0.02,0.0001,43.8451,2000,2.42342,2.32756,3.60202,2.52777,391.656,391.5,1409.96,1409.4,14.75,7.71875,1.83812e+06,11040,11074.7,700,700,-0.0255,-0.0602424,-3.36303,-3.44809,-0.0850962,0.689256,0.320806,0.0120059,0.0518023,0.629094,2.7241,291.904,
877,0,0.02,0.0001,42.1419,2000,2.41862,2.3459,3.5839,2.49646,424.188,417,1527.08,1501.2,17.625,9.46875,1.70617e+06,11005.7,11042,700,700,-0.055875,-0.0660232,-3.19991,-3.38932,-0.189488,0.691295,0.152116,0.010331,0.0405751,0.740752,2.67325,287.148,
878,0,0.02,0.0001,48.9012,2000,1.63114,1.58889,2.93218,1.6761,305.344,299.5,1099.24,1078.2,12.25,6.375,1.66624e+06,11024.5,11065.1,700,700,-0.034,-0.079312,-3.78604,-4.20418,-0.418264,0.725926,0.283487,0.00951998,0.0353216,0.879703,1.72675,289.524,
879,0,0.02,0.0001,45.5943,2000,2.20158,2.12819,3.27504,2.28048,384.094,378.344,1382.74,1362.04,14.1875,7.125,1.65615e+06,11030.2,11068.1,700,700,-0.0236406,-0.0683638,-3.39597,-3.61412,-0.218397,0.686345,0.290387,0.012287,0.0659106,0.550156,2.96371,315.062,
880,0,0.02,0.0001,52.6735,2000,2.46219,2.4014,3.34967,2.52627,456.438,443.844,1643.17,1597.84,20.8438,10.5312,1.70483e+06,11013.4,11052.5,700,700,-0.0907344,-0.0716161,-2.839,-3.13027,-0.291268,0.59521,0.519754,0.00923324,0.0380185,0.676374,3.63106,341.926,
881,0,0.02,0.0001,42.5029,2000,3.04283,2.96457,3.70546,3.12559,543.156,529.438,1955.36,1905.97,24.9062,13.375,1.73357e+06,10925.9,10962.3,700,700,-0.108875,-0.0619646,-2.39467,-2.50945,-0.114664,0.556248,0.171027,0.0102157,0.0309501,0.698335,2.9182,356.187,
882,0,0.02,0.0001,50.677,2000,2.80849,2.74686,3.57195,2.87296,520.25,505.562,1872.9,1820.03,25.3125,12.75,1.73096e+06,10989.5,11027.5,700,700,-0.126906,-0.0678217,-2.40662,-2.66606,-0.259516,0.543704,0.46467,0.00954919,0.0292994,0.681551,3.21574,296.431,
883,0,0.02,0.0001,49.3019,2000,2.29078,2.23688,3.26025,2.34735,445.406,429.938,1603.46,1547.78,21.5625,10.0625,1.60498e+06,11014.7,11055.5,700,700,-0.108469,-0.0767979,-2.60933,-3.07269,-0.4635,0.575721,0.301697,0.00991754,0.0299867,0.718387,3.91766,289.472,
884,0,0.02,0.0001,54.0169,2000,1.94566,1.90426,3.01984,1.98889,385.844,371.375,1389.04,1336.95,17.75,8.03125,1.60304e+06,11005.4,11048,700,700,-0.0805625,-0.0801664,-2.77891,-3.33588,-0.557077,0.620412,0.200451,0.00536385,0.0212341,1.0736,1.08228,292.651,
885,0,0.02,0.0001,46.838,2000,2.2363,2.17851,3.28347,2.29711,420.938,410.031,1515.38,1476.11,19.5938,9.3125,1.69906e+06,11007.4,11047.4,700,700,-0.0888906,-0.0759478,-2.90864,-3.30368,-0.395068,0.619428,0.202646,0.00952752,0.0297954,0.711681,2.82209,265.983,
886,0,0.02,0.0001,47.9572,2000,2.31736,2.26491,3.18248,2.37235,438.406,422.531,1578.26,1521.11,21.4688,10.75,1.64741e+06,10958.4,10999.1,700,700,-0.110766,-0.0750935,-2.84104,-3.22306,-0.382177,0.594019,0.206921,0.00596149,0.0298927,1.06271,0.679197,264.705,
887,0,0.02,0.0001,48.1139,2000,2.2315,2.16819,3.19494,2.29895,399.812,387.219,1439.33,1393.99,17.4688,9.03125,1.59802e+06,10985.9,11025.6,700,700,-0.0684219,-0.0709499,-3.06019,-3.37477,-0.314782,0.630668,0.175767,0.00843662,0.0309088,0.826215,1.93994,268.409,
888,0,0.02,0.0001,51.4896,2000,1.54813,1.50231,2.7208,1.59705,302.469,287.375,1088.89,1034.55,12.8125,6.90625,1.44954e+06,11055.4,11098.4,700,700,-0.0485,-0.0820591,-3.51842,-4.05628,-0.538286,0.700429,0.21798,0.00932889,0.0347217,0.842475,1.74646,278.455,
889,0,0.02,0.0001,57.1802,2000,0.87933,0.862885,2.0181,0.897036,184.094,173.156,662.737,623.362,7.125,3.71875,1.5332e+06,11067.4,11114.6,700,700,-0.0202969,-0.0910344,-4.01101,-4.72666,-0.71587,0.745478,0.27582,0.00981911,0.0295,1.07761,0.938364,302.946,
890,0,0.02,0.0001,54.2374,2000,1.03554,1.00057,2.25298,1.07384,196.062,188.094,705.825,677.138,5.6875,3.0625,1.46056e+06,11126.9,11171.4,700,700,0.00873438,-0.0855608,-4.15783,-4.73881,-0.581301,0.765902,0.115801,0.00399881,0.0205945,1.09425,0.800816,268.636,
891,0,0.02,0.0001,42.4151,2000,1.8526,1.7548,3.11302,1.96216,277.219,276,997.987,993.6,7.25,3.6875,1.54309e+06,11016.3,11052.4,700,700,0.02925,-0.064232,-3.85527,-4.04177,-0.186834,0.727343,0.193026,0.00425245,0.0440441,1.01924,0.903832,261.654,
892,0,0.02,0.0001,43.0648,2000,1.55599,1.48067,2.69994,1.64052,231.312,233.094,832.725,839.138,5.28125,2.90625,1.59439e+06,11112,11149.7,700,700,0.0373281,-0.071383,-4.20882,-4.46007,-0.251411,0.750876,0.159779,0.00885016,0.0678637,0.645365,2.16178,271.587,
893,0,0.02,0.0001,56.3996,2000,0.871339,0.848492,2.05309,0.895498,198.281,186.156,713.812,670.163,8.28125,4.03125,1.55596e+06,11132.2,11180.2,700,700,-0.0311406,-0.0935778,-4.65278,-5.27784,-0.625378,0.744157,0.278235,0.00980883,0.0298218,1.04152,0.606948,276.523,
894,0,0.02,0.0001,59.8232,2000,0.500621,0.491077,1.44341,0.510762,117.969,107.75,424.688,387.9,4.5,2.5,1.56563e+06,11159.8,11210.3,700,700,-0.013625,-0.0987061,-5.01845,-5.7438,-0.725581,0.784394,0.124588,0.00512302,0.040963,1.0778,0.699608,281.121,
895,0,0.02,0.0001,52.7736,2000,1.12771,1.09299,2.17667,1.16485,223.125,214.406,803.25,771.862,7.71875,3.875,1.51196e+06,11111.3,11156.9,700,700,-0.00857812,-0.0877645,-4.59187,-5.07711,-0.485543,0.76387,0.188675,0.00925805,0.0339259,0.986165,0.652813,272.771,
896,0,0.02,0.0001,45.5114,2000,1.71613,1.65227,2.78712,1.78573,295.312,294.375,1063.12,1059.75,9.0625,5.3125,1.72091e+06,11034.2,11074.4,700,700,0.01125,-0.0742209,-4.12391,-4.34131,-0.217494,0.758059,0.0937214,0.0101013,0.0502265,0.731793,1.84906,261.738,
897,0,0.02,0.0001,44.6425,2000,2.0288,1.96493,3.17481,2.09719,373.531,368.75,1344.71,1327.5,11.0625,5.90625,1.67182e+06,11045,11084.6,700,700,0.0184375,-0.0722205,-3.72689,-3.90361,-0.17693,0.735298,0.0954631,0.012409,0.0582398,0.570453,2.25215,260.37,
898,0,0.02,0.0001,47.469,2000,1.83141,1.78227,2.84683,1.88358,355.375,342.344,1279.35,1232.44,13.4375,6.65625,1.54144e+06,10998.8,11040.9,700,700,-0.0303906,-0.0782671,-3.59243,-3.94476,-0.352746,0.695788,0.176568,0.00986342,0.03465,0.678422,2.44909,279.578,
899,0,0.02,0.0001,51.0372,2000,1.52132,1.48674,2.62262,1.55798,314,301.25,1130.4,1084.5,13.5,6.53125,1.59116e+06,11071.3,11115.8,700,700,-0.051875,-0.0844765,-3.71283,-4.19954,-0.487,0.700365,0.720398,0.00946738,0.0370944,0.511341,3.16121,265.587,
900,0,0.02,0.0001,61.3662,2000,0.329936,0.325503,1.21868,0.334661,88.4375,78.6875,318.375,283.275,3.125,1.59375,1.58356e+06,11110.5,11162.1,700,700,-0.00753125,-0.101835,-4.15024,-5.10345,-0.953362,0.845427,0.227965,0.0165075,0.0350923,1.14026,0.771566,276.191,
901,0,0.02,0.0001,56.4992,2000,0.711815,0.697167,1.81679,0.727382,160.594,147.812,578.138,532.125,5.875,3.21875,1.51583e+06,11148.4,11196.8,700,700,-0.0142188,-0.0947721,-4.25987,-5.00217,-0.742559,0.806309,0.195061,0.00316856,0.036492,1.13181,1.04551,270.112,
902,0,0.02,0.0001,52.4893,2000,0.976059,0.945397,2.27129,1.00925,198.094,188.656,713.137,679.162,6.1875,3.25,1.53229e+06,11120.2,11165.4,700,700,0.00151563,-0.0869465,-4.55128,-5.0722,-0.521199,0.798465,0.408453,0.0110316,0.0448022,0.674514,2.49808,276.565,
903,0,0.02,0.0001,48.634,2000,1.58512,1.53772,2.76482,1.63578,311.156,302.438,1120.16,1088.78,12.1562,5.53125,1.63861e+06,11111.4,11154.1,700,700,-0.031125,-0.0828213,-4.13635,-4.51507,-0.37882,0.748095,0.11439,0.00317736,0.026725,1.01768,0.689405,260.106,
904,0,0.02,0.0001,53.8201,2000,1.01294,0.988443,2.15115,1.03905,210.219,201.938,756.788,726.975,6.75,3.46875,1.55678e+06,11109,11155.3,700,700,-0.00028125,-0.0896026,-4.7974,-5.29525,-0.498104,0.797521,0.232405,0.00649225,0.0259257,1.10191,0.6737,277.889,
905,0,0.02,0.0001,51.7416,2000,1.59675,1.54238,2.80605,1.65575,298.094,288.531,1073.14,1038.71,10.9688,6.09375,1.52801e+06,11048.7,11090.4,700,700,-0.0202656,-0.0795243,-4.34883,-4.64236,-0.29388,0.745148,0.108706,0.00697658,0.0403862,0.847995,1.53192,286.627,
906,0,0.02,0.0001,58.9582,2000,0.907573,0.887645,2.11583,0.928793,195.844,185.969,705.037,669.488,5.75,3.25,1.48417e+06,11096.7,11143.6,700,700,0.00673437,-0.0904765,-4.71781,-5.26503,-0.547553,0.799118,0.204766,0.00553694,0.0328706,0.963991,0.857743,298.279,
907,0,0.02,0.0001,55.7982,2000,0.915656,0.888476,2.10423,0.944793,183.438,174.438,660.375,627.975,6.0625,3.21875,1.48082e+06,11092.5,11138.1,700,700,-0.00371875,-0.0889338,-4.87746,-5.39533,-0.51816,0.789572,0.342162,0.00558015,0.0293358,0.994276,2.09604,268.249,
908,0,0.02,0.0001,49.2713,2000,1.42665,1.37426,2.65076,1.48395,239.125,233.781,860.85,841.612,5.3125,3.09375,1.50035e+06,11054.8,11095,700,700,0.0372031,-0.0758381,-4.64872,-4.91437,-0.266008,0.788417,0.18713,0.00740869,0.0586044,0.845322,1.4189,269.731,
909,0,0.02,0.0001,55.9403,2000,1.10118,1.06604,2.3552,1.13928,211.781,200.188,762.412,720.675,6.875,3.96875,1.42837e+06,11119.7,11163.6,700,700,-0.00303125,-0.0853493,-4.76838,-5.22416,-0.456192,0.787732,0.244552,0.0106813,0.0607418,0.641923,2.45087,278.056,
910,0,0.02,0.0001,55.731,2000,1.02079,0.991817,2.19955,1.05206,200.719,191.969,722.588,691.087,4.875,2.5,1.47981e+06,11047,11092.6,700,700,0.0228594,-0.0868132,-4.46534,-5.00414,-0.539148,0.79528,0.906985,0.0059512,0.0281705,0.976244,1.54139,276.146,
911,0,0.02,0.0001,53.3917,2000,1.16201,1.13119,2.39756,1.19513,228.844,218.156,823.837,785.362,8.4375,4.65625,1.55325e+06,11078.5,11122.8,700,700,-0.0174844,-0.0845135,-4.33536,-4.84187,-0.50681,0.758171,0.195454,0.0107768,0.037996,0.821717,1.98503,276.521,
912,0,0.02,0.0001,46.9611,2000,1.50827,1.4545,2.65213,1.56692,265.75,259.969,956.7,935.888,6.1875,3.25,1.50031e+06,11022.3,11063.4,700,700,0.0371719,-0.0771993,-4.18825,-4.53151,-0.343753,0.78864,0.203225,0.00778085,0.0387328,0.907868,1.128,270.692,
913,0,0.02,0.0001,51.6081,2000,1.0015,0.964006,2.16433,1.0422,192.875,185.031,694.35,666.112,4.375,2.40625,1.48077e+06,11107.4,11151.8,700,700,0.0268906,-0.0867264,-4.64007,-5.15394,-0.514239,0.799671,0.179299,0.00990358,0.0419036,0.648628,1.35772,313.538,
914,0,0.02,0.0001,60.8219,2000,0.987383,0.9603,2.12033,1.0163,199.719,192.438,718.987,692.775,5.375,2.875,1.50705e+06,11122.6,11168.2,700,700,0.0155937,-0.0879325,-4.39207,-4.96093,-0.569235,0.797685,0.199191,0.010705,0.0364509,0.854664,1.92986,286.737,
915,0,0.02,0.0001,57.7749,2000,1.14677,1.1161,2.30265,1.17964,229.969,219.094,827.888,788.737,7.6875,4,1.49405e+06,11097.7,11142.4,700,700,-0.00576562,-0.0865369,-4.27273,-4.81937,-0.54711,0.766966,0.897135,0.0107251,0.0428242,0.590128,2.65087,289.709,
916,0,0.02,0.0001,52.3651,2000,1.62439,1.57922,2.69138,1.6724,301.469,293.875,1085.29,1057.95,12.4062,6.1875,1.67282e+06,11027.9,11070.3,700,700,-0.0391563,-0.0803864,-3.79741,-4.22655,-0.429307,0.714321,0.623193,0.0108008,0.0439856,0.485333,4.04274,277.463,
917,0,0.02,0.0001,48.766,2000,2.50606,2.43871,3.37535,2.57719,451.219,444.062,1624.39,1598.62,18.6875,8.84375,1.81392e+06,10956.3,10994.5,700,700,-0.0582813,-0.0682755,-2.91003,-3.12122,-0.2111,0.636981,0.403862,0.0110735,0.0447613,0.531364,3.5634,288.141,
918,0,0.02,0.0001,44.0798,2000,2.86229,2.79013,3.63356,2.93829,521,508.062,1875.6,1829.03,22.125,11.2812,1.65428e+06,10920.4,10957.6,700,700,-0.0778437,-0.0641689,-2.49976,-2.66426,-0.164552,0.591306,0.228798,0.00780248,0.0287371,0.613819,2.63118,283.946,
919,0,0.02,0.0001,48.0733,2000,2.69601,2.63506,3.56935,2.75986,511.25,498.594,1840.5,1794.94,24.3438,12,1.79762e+06,10970.6,11009.2,700,700,-0.115859,-0.0698456,-2.60124,-2.85912,-0.257833,0.57971,0.291189,0.0090161,0.0318811,0.620018,2.53811,295.255,
920,0,0.02,0.0001,46.0058,2000,2.91319,2.84368,3.60881,2.98572,548.812,531.5,1975.72,1913.4,27.125,12.2188,1.66354e+06,10972.1,11010.2,700,700,-0.141125,-0.0692813,-2.4329,-2.66384,-0.230908,0.518818,0.257979,0.00777907,0.0279089,0.653047,3.0941,296.575,
921,0,0.02,0.0001,47.1448,2000,2.88831,2.82657,3.62576,2.95259,546.156,532.5,1966.16,1917,23.6875,11.2812,1.64153e+06,10974.6,11012.9,700,700,-0.0890625,-0.06695,-2.49118,-2.66849,-0.17736,0.562999,0.217159,0.00756567,0.0290055,0.6681,2.08677,292.387,
922,0,0.02,0.0001,46.3074,2000,2.83732,2.77104,3.57876,2.90629,533.156,516.469,1919.36,1859.29,25.7812,11,1.67227e+06,10910.1,10948.5,700,700,-0.128484,-0.0697205,-2.4877,-2.72877,-0.241028,0.535101,0.173751,0.00652759,0.0277693,0.704985,4.07534,294.266,
923,0,0.02,0.0001,48.5211,2000,2.69786,2.63275,3.59664,2.76552,520.031,500.906,1872.11,1803.26,26.7812,10.875,1.63471e+06,10949.3,10988.2,700,700,-0.151266,-0.0747571,-2.58547,-2.91193,-0.32652,0.544844,0.365665,0.00680004,0.0256021,0.725961,3.68365,286.027,
924,0,0.02,0.0001,47.1624,2000,2.64394,2.57568,3.54034,2.71552,493,477.906,1774.8,1720.46,23.3125,10.5,1.68283e+06,10983.2,11021.9,700,700,-0.110734,-0.0708088,-2.70713,-2.96415,-0.257047,0.593193,0.149814,0.00751277,0.0270395,0.754317,2.42517,287.553,
925,0,0.02,0.0001,50.1123,2000,2.3061,2.25585,3.44226,2.3583,455.25,439.875,1638.9,1583.55,23.4688,10.5,1.68464e+06,10957.3,10997.5,700,700,-0.132094,-0.0784732,-2.92583,-3.32888,-0.403096,0.63716,0.221225,0.00688859,0.0283186,0.748812,3.70332,290.798,
926,0,0.02,0.0001,53.5438,2000,1.88939,1.8477,3.24069,1.93302,387.188,369.906,1393.88,1331.66,21.75,10.1875,1.68596e+06,11089.6,11131,700,700,-0.141297,-0.0836825,-3.30706,-3.80507,-0.498117,0.70303,0.209805,0.00721889,0.0277203,0.791874,1.90768,313.361,
927,0,0.02,0.0001,60.7048,2000,0.942687,0.921489,2.23001,0.964912,214.906,200.562,773.663,722.025,11.4062,5.0625,1.57411e+06,11100.9,11148.1,700,700,-0.0708125,-0.0940887,-4.05699,-4.78191,-0.725138,0.794818,0.220112,0.00819362,0.0467902,0.949814,1.20786,285.194,
928,0,0.02,0.0001,57.2129,2000,0.855864,0.842731,2.01811,0.869657,188.406,176.969,678.263,637.087,7.15625,3.59375,1.55004e+06,11059.5,11107.2,700,700,-0.0188594,-0.0919734,-4.3,-4.96759,-0.667893,0.820185,0.736933,0.00613849,0.0289484,0.932291,1.49213,273.016,
929,0,0.02,0.0001,52.8297,2000,1.57749,1.53648,2.52897,1.62095,298.781,286.688,1075.61,1032.08,12.3438,6.5,1.59302e+06,11060.2,11103.8,700,700,-0.0418125,-0.0812904,-3.85973,-4.28796,-0.42842,0.736097,0.18858,0.0120874,0.0408723,0.805015,1.59037,275.272,
930,0,0.02,0.0001,52.9148,2000,1.23991,1.2104,2.60919,1.27146,263.5,249.594,948.6,898.537,10.4062,5.125,1.41647e+06,11058.7,11103,700,700,-0.0312969,-0.0861573,-3.95004,-4.51675,-0.56722,0.75038,0.25541,0.00980404,0.0380717,0.626068,2.69946,271.623,
931,0,0.02,0.0001,54.3325,2000,1.05147,1.02652,2.23572,1.07815,217.719,209.844,783.788,755.438,9.9375,5.03125,1.68447e+06,11088.9,11134.7,700,700,-0.0441406,-0.0899623,-3.89755,-4.56122,-0.663729,0.773729,0.179028,0.00468353,0.0294883,1.00329,1.02254,268.938,
932,0,0.02,0.0001,51.1034,2000,1.56925,1.52443,2.69216,1.61701,300.688,289.406,1082.47,1041.86,11.5938,6.09375,1.55586e+06,11030.3,11073,700,700,-0.0292031,-0.0792821,-3.6604,-4.10256,-0.44241,0.731242,0.168204,0.013568,0.0436863,0.970097,0.671542,270.856,
933,0,0.02,0.0001,42.795,2000,2.2461,2.16903,3.36336,2.32967,389.062,382,1400.62,1375.2,12.3125,7.15625,1.55355e+06,11008.3,11045.5,700,700,0.0063125,-0.0641791,-3.23011,-3.39306,-0.163413,0.715661,0.152501,0.0110202,0.0481469,0.803471,0.792037,276.097,
934,0,0.02,0.0001,54.7334,2000,1.13476,1.09967,2.36788,1.1724,228.219,214.75,821.587,773.1,8.25,4.03125,1.43043e+06,11096.7,11141,700,700,-0.016375,-0.0866655,-3.99038,-4.59426,-0.604289,0.765746,0.371565,0.0101498,0.047171,0.739948,2.799,269.008,
935,0,0.02,0.0001,48.3931,2000,1.75241,1.68929,2.83528,1.82108,307.625,300.719,1107.45,1082.59,9.6875,5.6875,1.54288e+06,10996.5,11036.5,700,700,0.00504688,-0.0733092,-3.57978,-3.92675,-0.347328,0.74671,0.319335,0.00898296,0.0512455,0.490106,2.18046,270.1,
936,0,0.02,0.0001,40.7862,2000,2.43778,2.35546,3.57819,2.52616,415.5,412.375,1495.8,1484.55,15.0625,7.78125,1.78046e+06,11068.9,11104.5,700,700,-0.01975,-0.0627369,-3.01942,-3.16967,-0.150467,0.692078,0.182928,0.00711474,0.0403249,0.696314,2.38407,269.43,
937,0,0.02,0.0001,45.3372,2000,1.88352,1.81452,3.08066,1.95847,318.031,312.75,1144.91,1125.9,10.4062,5.25,1.60263e+06,11053.3,11092.4,700,700,0.00028125,-0.0700918,-3.4485,-3.78159,-0.333425,0.733146,0.164132,0.00736861,0.042897,0.861044,1.8441,278.251,
938,0,0.02,0.0001,41.694,2000,2.48918,2.39466,3.59346,2.59205,401.781,398.75,1446.41,1435.5,13.875,7.4375,1.7344e+06,11028.8,11063.4,700,700,-0.00875,-0.0587089,-3.01045,-3.1204,-0.109989,0.688805,0.153894,0.0132274,0.0544786,0.597589,2.71842,275.282,
939,0,0.02,0.0001,49.0345,2000,1.79942,1.74105,2.89679,1.86192,332,321.125,1195.2,1156.05,12.375,5.84375,1.53765e+06,11035.1,11076.1,700,700,-0.0250625,-0.077221,-3.52779,-3.9321,-0.404631,0.708182,0.217069,0.00901754,0.0438914,0.586611,2.11151,282.639,
940,0,0.02,0.0001,54.311,2000,1.30122,1.26308,2.41331,1.34186,257.5,244.875,927,881.55,9.4375,4.875,1.49937e+06,11054.6,11098.9,700,700,-0.019125,-0.0861275,-3.80056,-4.38874,-0.588633,0.760761,0.369592,0.0084197,0.0385151,0.654218,2.50377,285.732,
941,0,0.02,0.0001,52.3717,2000,1.28187,1.24942,2.35223,1.31653,247.125,239.438,889.65,861.975,7.8125,4.21875,1.55831e+06,11060.6,11104.7,700,700,0.00253125,-0.0853867,-3.74376,-4.32481,-0.58141,0.772361,0.289046,0.00868786,0.0406456,0.649011,2.48576,266.684,
942,0,0.02,0.0001,57.7308,2000,0.807272,0.791287,1.8803,0.824433,168.469,159.719,606.487,574.987,6.25,3.40625,1.53857e+06,11088.3,11135.5,700,700,-0.0138906,-0.092854,-4.01662,-4.7624,-0.746068,0.794328,0.217267,0.00973515,0.0378803,0.724324,1.75081,277.249,
943,0,0.02,0.0001,53.0792,2000,1.10384,1.08347,2.36927,1.12564,234,224.969,842.4,809.888,9.0625,5.125,1.66015e+06,11068.8,11114.5,700,700,-0.0234531,-0.0886719,-3.83032,-4.47437,-0.644249,0.758815,0.165732,0.00990195,0.0483577,0.66146,1.4792,265.232,
944,0,0.02,0.0001,53.1508,2000,0.954955,0.934149,2.03559,0.97712,197.344,189.281,710.438,681.412,6.8125,3.875,1.55801e+06,11106.6,11153,700,700,-0.00754688,-0.0909019,-3.88577,-4.58184,-0.696283,0.767729,0.303917,0.0120209,0.0554748,0.472117,3.20077,273.262,
945,0,0.02,0.0001,56.6275,2000,1.22247,1.1908,2.2349,1.25598,246.469,239.281,887.288,861.412,7.5625,3.875,1.59849e+06,11066.1,11111.7,700,700,0.00620312,-0.0874017,-3.4918,-4.13987,-0.64823,0.731271,0.179401,0.00805787,0.0373013,0.734047,1.99445,291.314,
946,0,0.02,0.0001,59.4651,2000,1.08492,1.06141,2.13877,1.10977,227.5,218.594,819,786.938,8.90625,4.90625,1.58641e+06,11058.2,11104.7,700,700,-0.0242969,-0.090664,-3.62781,-4.33281,-0.705164,0.730611,0.32669,0.00883224,0.0370719,0.689577,2.22557,277.96,
947,0,0.02,0.0001,51.7308,2000,1.60012,1.56009,2.62325,1.64239,309.438,300.656,1113.97,1082.36,10.5312,5.25,1.57121e+06,11110.3,11153.6,700,700,-0.00764062,-0.0809424,-3.50086,-3.97566,-0.475019,0.710604,0.180821,0.0080205,0.042026,0.684413,1.94462,277.079,
948,0,0.02,0.0001,43.4276,2000,2.59032,2.51839,3.47988,2.66658,479.719,472.031,1726.99,1699.31,19.3125,10.0938,1.69845e+06,11000.4,11038.2,700,700,-0.0536719,-0.0676362,-2.81831,-2.97948,-0.161145,0.623817,0.147209,0.0105336,0.057125,0.514467,2.62492,275.866,
949,0,0.02,0.0001,49.1832,2000,2.14975,2.09338,3.21766,2.20898,427.281,417.656,1538.21,1503.56,17.8125,8.09375,1.70721e+06,11032.1,11073,700,700,-0.0583594,-0.0774089,-2.89556,-3.29879,-0.403219,0.612852,0.275535,0.00827077,0.0318261,0.717164,1.97971,269.594,
950,0,0.02,0.0001,44.8895,2000,2.45619,2.39182,3.38024,2.52405,472.031,462.594,1699.31,1665.34,18.7188,9.4375,1.72441e+06,11006.8,11045.8,700,700,-0.0494844,-0.071493,-2.87673,-3.11159,-0.234878,0.628036,0.221468,0.008696,0.0371714,0.560031,1.72607,265.467,
951,0,0.02,0.0001,46.5125,2000,2.5509,2.49572,3.42826,2.60874,494,479.906,1778.4,1727.66,22.6875,12.2812,1.64762e+06,11013.5,11052.7,700,700,-0.100359,-0.0715979,-2.66964,-2.93222,-0.262575,0.582539,0.283162,0.00700275,0.0299337,0.668901,3.06923,269.822,
952,0,0.02,0.0001,44.5192,2000,2.43863,2.38062,3.36359,2.49974,467.688,457.094,1683.68,1645.54,19.1875,10.1875,1.68481e+06,11012.9,11052.2,700,700,-0.0592656,-0.0714131,-2.92412,-3.15108,-0.22702,0.624768,0.350492,0.00733151,0.0469182,0.570433,2.30678,272.493,
953,0,0.02,0.0001,42.709,2000,2.64609,2.58249,3.49083,2.7128,502.594,490.312,1809.34,1765.12,23.6875,11.9062,1.75082e+06,10947.7,10986.2,700,700,-0.110156,-0.0709302,-2.65821,-2.89485,-0.236638,0.580856,0.157888,0.00967889,0.0306075,0.620578,2.60719,274.892,
954,0,0.02,0.0001,42.426,2000,2.79306,2.72993,3.53224,2.85905,529.812,518.031,1907.33,1864.91,22.5,11.25,1.67531e+06,10923.1,10961.5,700,700,-0.0784844,-0.0674693,-2.5055,-2.69501,-0.189528,0.590217,0.147907,0.00891773,0.0293682,0.626969,4.07417,272.813,
955,0,0.02,0.0001,46.1184,2000,2.06736,2.01861,3.14756,2.11851,414.719,405.5,1492.99,1459.8,16.0625,7.875,1.68344e+06,10974.8,11016,700,700,-0.0381875,-0.0785034,-2.9803,-3.3954,-0.415211,0.680504,0.151842,0.00530297,0.0261506,0.864798,1.2256,268.25,
956,0,0.02,0.0001,48.5161,2000,1.7605,1.72401,2.9852,1.79877,361.094,349.906,1299.94,1259.66,16.0312,8.0625,1.66634e+06,11064.2,11106.8,700,700,-0.0655156,-0.0828167,-3.35816,-3.84049,-0.482364,0.695127,0.302672,0.010839,0.03037,0.636235,2.10592,275.802,
957,0,0.02,0.0001,49.5986,2000,1.6579,1.61958,2.82213,1.69835,331.969,324.656,1195.09,1168.76,12.625,6.125,1.70183e+06,11028.4,11071.7,700,700,-0.0270469,-0.0808194,-3.5023,-3.95263,-0.450227,0.725981,0.254815,0.00836566,0.0272623,0.793076,0.950162,265.565,
958,0,0.02,0.0001,56.0686,2000,0.804799,0.79177,1.86045,0.818526,175.469,165.812,631.688,596.925,6.875,3.6875,1.55526e+06,11103.8,11151.5,700,700,-0.0202188,-0.0927291,-3.95783,-4.70286,-0.745248,0.785487,0.185862,0.00585284,0.0382364,0.778847,2.06382,281.509,
959,0,0.02,0.0001,54.4337,2000,0.927018,0.90789,2.17915,0.947163,204.531,195.125,736.312,702.45,7,3.71875,1.56939e+06,11082,11128.6,700,700,-0.0074375,-0.0911268,-3.76665,-4.49574,-0.729305,0.766524,0.170644,0.00491292,0.0330619,0.887531,1.14073,277.055,
960,0,0.02,0.0001,48.5442,2000,1.42073,1.3808,2.70263,1.46339,279.531,269.531,1006.31,970.312,9.5625,5,1.51489e+06,11059,11101.3,700,700,-0.00867187,-0.0818283,-3.55358,-4.07635,-0.523081,0.72937,0.154866,0.0342781,0.0530502,0.772968,1.63333,273.608,
961,0,0.02,0.0001,53.3034,2000,0.912054,0.886324,2.05797,0.939329,192.75,185.469,693.9,667.688,5.75,2.875,1.57859e+06,11043.2,11089.1,700,700,0.00648438,-0.0906449,-3.92462,-4.61954,-0.695141,0.777835,0.207619,0.00515579,0.0441859,0.979404,1.10362,265.326,
962,0,0.02,0.0001,47.765,2000,1.46174,1.41236,2.45644,1.51511,264.594,259.344,952.537,933.638,6.0625,3.59375,1.53465e+06,11118.8,11160.5,700,700,0.0387344,-0.0803227,-3.96119,-4.35668,-0.395756,0.786271,0.157346,0.00787787,0.0458034,0.68115,0.962691,267.758,
963,0,0.02,0.0001,40.1126,2000,2.28774,2.20061,3.4554,2.382,391.469,394.031,1409.29,1418.51,11.4375,5.90625,1.88648e+06,11051.6,11087.2,700,700,0.0254531,-0.0648896,-3.44748,-3.51771,-0.0702371,0.727441,0.205617,0.0110352,0.0489016,0.517768,1.99587,275.754,
964,0,0.02,0.0001,44.3168,2000,1.96486,1.9038,3.16641,2.03028,360.781,357.438,1298.81,1286.78,11.8125,6.46875,1.6979e+06,11027.9,11067,700,700,0.00153125,-0.0724047,-3.57296,-3.80545,-0.232607,0.726058,0.273266,0.00760448,0.0341228,0.548238,1.14352,273.405,
965,0,0.02,0.0001,46.6216,2000,1.75247,1.69989,3.00045,1.8084,341.219,337.125,1228.39,1213.65,10.75,5.15625,1.7924e+06,11041.9,11083.1,700,700,0.0073125,-0.0769309,-3.5456,-3.88964,-0.344073,0.722541,0.156089,0.00915528,0.0354488,0.545736,1.68588,266.599,
966,0,0.02,0.0001,46.6842,2000,1.86613,1.81259,2.96482,1.92299,347.062,340.062,1249.43,1224.23,11.7812,6.03125,1.56835e+06,11028.7,11069.3,700,700,-0.0066875,-0.0758951,-3.28052,-3.64642,-0.36613,0.687654,0.15132,0.0113177,0.0359952,0.888628,1.16245,275.443,
967,0,0.02,0.0001,37.4694,2000,2.87537,2.76464,3.69162,2.99513,470.812,470.812,1694.93,1694.93,15.2188,7.875,1.71577e+06,10997.6,11031.1,700,700,0.007125,-0.0570297,-2.83095,-2.75833,0.072551,0.646205,0.130753,0.00963789,0.047045,0.444936,2.89643,279.491,
968,0,0.02,0.0001,46.9093,2000,2.18962,2.11849,2.80621,2.26559,377.156,371.188,1357.76,1336.28,15,7.5,1.76774e+06,11036.1,11075.6,700,700,-0.0394063,-0.0721759,-2.91096,-3.22066,-0.30967,0.59783,0.147909,0.00198621,0.0429659,0.964844,1.20482,285.036,
969,0,0.02,0.0001,39.3096,2000,2.76742,2.64789,3.72238,2.89812,424.062,428.969,1526.62,1544.29,12.25,6.40625,1.81148e+06,11018,11049.9,700,700,0.0307344,-0.0522854,-2.7324,-2.67852,0.0538751,0.661059,0.136655,0.00955308,0.0697427,0.47783,1.22504,282.973,
970,0,0.02,0.0001,40.2739,2000,3.0923,2.98535,3.87441,3.20724,500.875,500.906,1803.15,1803.26,16.8125,8.5,1.80752e+06,10999.7,11033,700,700,-0.00173437,-0.0512523,-2.35777,-2.29645,0.0613462,0.598009,0.140766,0.00951952,0.0366185,0.52649,2.0123,284.721,
971,0,0.02,0.0001,40.5554,2000,3.09845,2.99794,3.82202,3.20593,512.312,505.938,1844.32,1821.38,20.0625,10.25,1.76635e+06,10978.5,11012.2,700,700,-0.0479688,-0.0539201,-2.19166,-2.21665,-0.0250389,0.554237,0.148009,0.00988105,0.0317787,0.572384,2.40818,281.617,
972,0,0.02,0.0001,39.2437,2000,3.08703,2.99727,3.81075,3.18227,529.375,520.156,1905.75,1872.56,24.1562,12.4062,1.81661e+06,11024,11058.8,700,700,-0.102266,-0.0575599,-2.10715,-2.21211,-0.105045,0.50237,0.135255,0.0110607,0.028944,0.624206,2.62426,271.347,
973,0,0.02,0.0001,41.0442,2000,2.94087,2.85974,3.69821,3.02669,520.25,511.25,1872.9,1840.5,18.8125,9.75,1.75634e+06,10936.2,10972.5,700,700,-0.0265625,-0.0584488,-2.20266,-2.3165,-0.11388,0.560623,0.139382,0.00832126,0.0292713,0.602758,3.03169,265.223,
974,0,0.02,0.0001,42.0537,2000,2.92338,2.84558,3.70001,3.00576,518.781,509.625,1867.61,1834.65,21.625,11.6875,1.70051e+06,10947,10983.3,700,700,-0.0695625,-0.0609227,-2.17212,-2.34148,-0.169362,0.535948,0.14524,0.00795251,0.0267065,0.648717,3.01233,285.769,
975,0,0.02,0.0001,40.1419,2000,3.11396,3.02274,3.85564,3.211,528.562,523.062,1902.83,1883.03,19.5312,10.1875,1.76916e+06,10982.4,11017.1,700,700,-0.0314375,-0.0537707,-2.10352,-2.1616,-0.0581127,0.548265,0.145626,0.00963867,0.028458,0.632013,2.30724,279.965,
976,0,0.02,0.0001,41.6089,2000,3.05332,2.96787,3.78823,3.14371,535.969,528.25,1929.49,1901.7,21.9688,11.125,1.78424e+06,10957.3,10993,700,700,-0.0654062,-0.0588226,-2.09626,-2.23353,-0.13725,0.516747,0.625725,0.00764736,0.0316012,0.638261,3.44861,284.542,
977,0,0.02,0.0001,43.764,2000,2.93768,2.86014,3.73594,3.01948,530.844,521.5,1911.04,1877.4,22.7188,11.3125,1.74122e+06,10976.1,11012.8,700,700,-0.0800312,-0.0625751,-2.10569,-2.32564,-0.21998,0.52432,0.249328,0.00815678,0.0273265,0.667386,2.60857,279.808,
978,0,0.02,0.0001,45.2231,2000,2.8843,2.80624,3.69587,2.96644,527.281,515,1898.21,1854,23.7188,11,1.71861e+06,10985.4,11022.5,700,700,-0.0982813,-0.0655687,-2.17091,-2.43023,-0.259381,0.513013,0.156246,0.0087815,0.0266726,0.642182,2.79972,285.48,
979,0,0.02,0.0001,40.5104,2000,2.98722,2.91016,3.75816,3.06827,538.531,526.031,1938.71,1893.71,25.1562,12.625,1.67963e+06,10960.7,10997.2,700,700,-0.114328,-0.0636809,-2.17291,-2.38095,-0.208023,0.5178,0.151692,0.00725188,0.0251747,0.681885,3.29464,282.587,
980,0,0.02,0.0001,40.8777,2000,3.04218,2.97073,3.7833,3.11712,554.469,541.781,1996.09,1950.41,24.625,12.5938,1.7772e+06,10946.3,10983.2,700,700,-0.0984844,-0.0628625,-2.11676,-2.31333,-0.196528,0.534962,0.144887,0.00705196,0.0262989,0.698963,2.69193,281.721,
981,0,0.02,0.0001,41.3478,2000,2.89114,2.82346,3.65278,2.96214,535.469,522.156,1927.69,1879.76,23.9688,12.125,1.7086e+06,10974.8,11012.6,700,700,-0.0984531,-0.0664262,-2.20728,-2.46069,-0.253408,0.514124,0.149037,0.00675747,0.0255421,0.690936,3.19795,282.692,
982,0,0.02,0.0001,41.8071,2000,2.89492,2.83225,3.64859,2.96025,543.219,527,1955.59,1897.2,27.0625,12.75,1.69532e+06,10998.5,11036.7,700,700,-0.142437,-0.0683699,-2.2562,-2.52943,-0.273244,0.502203,0.173789,0.00769355,0.0261452,0.681133,4.07796,266.031,
983,0,0.02,0.0001,41.5403,2000,2.85664,2.79197,3.70652,2.92417,533.469,519,1920.49,1868.4,25.9062,12.3125,1.67963e+06,10986.8,11024.7,700,700,-0.129094,-0.0686724,-2.41944,-2.66627,-0.24686,0.562626,0.240241,0.00702842,0.026252,0.706981,3.95725,293.508,
984,0,0.02,0.0001,48.2551,2000,2.93638,2.87017,3.66695,3.00553,542.281,526.406,1952.21,1895.06,25.25,12.25,1.70149e+06,10926,10963.9,700,700,-0.115547,-0.0662065,-2.43463,-2.62231,-0.187606,0.542527,0.294154,0.00340571,0.0252144,1.00067,1.64056,301.864,
985,0,0.02,0.0001,48.0884,2000,2.90799,2.83905,3.67882,2.9803,529.938,516.156,1907.78,1858.16,25.1875,12.5938,1.74103e+06,10974.3,11011.5,700,700,-0.119734,-0.0652149,-2.66833,-2.77681,-0.108379,0.548231,0.164936,0.00831729,0.0305543,0.634579,2.78058,301.933,
986,0,0.02,0.0001,45.6795,2000,2.94196,2.8732,3.68577,3.01378,550.062,535.875,1980.22,1929.15,24.8125,11.7812,1.69205e+06,10988.4,11026.2,700,700,-0.10425,-0.0664376,-2.64184,-2.75266,-0.110775,0.556375,0.156988,0.00920564,0.0275675,0.679009,2.3409,291.189,
987,0,0.02,0.0001,44.7254,2000,3.01189,2.93576,3.72886,3.09197,545.438,531.844,1963.58,1914.64,24.4062,12.0938,1.67386e+06,10945.9,10982.9,700,700,-0.100172,-0.0626346,-2.66489,-2.70786,-0.0430433,0.557111,0.176847,0.00989769,0.031824,0.671069,2.14891,295.067,
988,0,0.02,0.0001,46.0084,2000,2.92267,2.8591,3.69584,2.98884,547.062,530.938,1969.43,1911.38,26.4062,12.4375,1.64995e+06,10921.4,10959.4,700,700,-0.130625,-0.0671703,-2.57905,-2.71733,-0.138312,0.531017,0.219107,0.00844873,0.0295296,0.68493,3.97086,298.923,
989,0,0.02,0.0001,45.8239,2000,2.91717,2.84448,3.68741,2.99336,544.312,529.812,1959.53,1907.33,25.5,11.9062,1.70723e+06,11024.5,11062.1,700,700,-0.117594,-0.0671819,-2.55843,-2.70688,-0.148428,0.577216,0.161215,0.0087679,0.0294768,0.676801,1.73264,289.104,
990,0,0.02,0.0001,47.8665,2000,2.66709,2.60362,3.47949,2.73336,516.719,499.625,1860.19,1798.65,26.1875,11.5938,1.70276e+06,11009,11048.5,700,700,-0.143,-0.0742185,-2.49305,-2.81797,-0.32493,0.539301,0.164063,0.00646001,0.0274901,0.730933,4.73675,289.667,
991,0,0.02,0.0001,46.9277,2000,2.7468,2.67689,3.50705,2.8199,526.906,511.875,1896.86,1842.75,24.5312,10.7812,1.67815e+06,10985,11024.1,700,700,-0.112031,-0.0718767,-2.5629,-2.81943,-0.256434,0.569787,0.391744,0.00617936,0.027012,0.73298,2.87296,285.854,
992,0,0.02,0.0001,47.2688,2000,2.65812,2.59374,3.47795,2.72527,523.781,506.094,1885.61,1821.94,26.2188,11.5938,1.66022e+06,10946.3,10986.1,700,700,-0.140234,-0.0761407,-2.66644,-2.98073,-0.314306,0.589688,0.205764,0.00759289,0.025538,0.750085,3.03086,294.176,
993,0,0.02,0.0001,47.9109,2000,2.58782,2.5245,3.44154,2.65396,511.719,496.781,1842.19,1788.41,24.3438,11.1562,1.65011e+06,11031.2,11071.2,700,700,-0.116766,-0.0769103,-2.78672,-3.09178,-0.305096,0.648838,0.299137,0.00786294,0.0251735,0.739745,2.64675,289.13,
994,0,0.02,0.0001,46.4121,2000,2.68112,2.61762,3.46626,2.74746,521.062,508.75,1875.83,1831.5,23.75,11.25,1.67602e+06,10918.2,10957.5,700,700,-0.101875,-0.0737642,-2.80806,-3.03502,-0.226983,0.631963,0.236875,0.00632134,0.0242806,0.752083,2.59338,284.299,
995,0,0.02,0.0001,44.6054,2000,2.61583,2.56147,3.48773,2.67247,510.125,493.938,1836.45,1778.17,23.3438,11.1562,1.61946e+06,10978.4,11017.9,700,700,-0.103188,-0.0736038,-2.88692,-3.11593,-0.229139,0.623857,0.162375,0.00710156,0.025044,0.746001,3.4107,307.34,
996,0,0.02,0.0001,49.0041,2000,2.54095,2.48065,3.42702,2.60398,494.844,476.875,1781.44,1716.75,25.5938,11.875,1.66778e+06,10965.1,11004.7,700,700,-0.145469,-0.0773262,-3.01298,-3.29231,-0.279412,0.67386,0.193645,0.00640028,0.0265937,0.774944,3.26483,287.553,
997,0,0.02,0.0001,45.5194,2000,2.60675,2.53924,3.43362,2.67751,498.812,487.219,1795.72,1753.99,21.5,9.5625,1.71181e+06,11016.8,11055.8,700,700,-0.0788906,-0.0747081,-3.10632,-3.2952,-0.188899,0.672251,0.15914,0.0065133,0.0273369,0.743251,2.42166,283.92,
998,0,0.02,0.0001,44.7217,2000,2.65068,2.57918,3.49939,2.72595,501.25,490.25,1804.5,1764.9,21.5312,10.2188,1.63354e+06,10938.5,10977.1,700,700,-0.0778437,-0.0720665,-3.06855,-3.20896,-0.14038,0.682235,0.157065,0.00773081,0.0271234,0.76427,2.82287,289.963,
999,0,0.02,0.0001,46.6202,2000,2.54825,2.47778,3.4429,2.62232,493.312,477.844,1775.92,1720.24,25.5938,11.6562,1.66606e+06,10960.6,10999.6,700,700,-0.144984,-0.0778079,-3.23643,-3.45148,-0.215114,0.696974,0.277779,0.0083644,0.0261631,0.76285,2.6985,287.35,
1000,0,0.02,0.0001,45.7457,2000,2.59034,2.51888,3.41837,2.66538,496.594,483.562,1787.74,1740.83,22.0625,9.53125,1.66402e+06,11024.7,11063.6,700,700,-0.0891563,-0.0747049,-3.2139,-3.37462,-0.160751,0.687885,0.179893,,,,,,
